time,population_size,avg_fitness,difficulty
0,9,0.5872514668377894,1.0
1,18,0.5773720257863293,1.001
2,15,0.5796261282809775,1.0019999999999998
3,12,0.6070998021116691,1.0029999999999997
4,10,0.6324231482326922,1.0039999999999996
5,18,0.619051145942794,1.0049999999999994
6,16,0.6290869332415638,1.0059999999999993
7,11,0.6093455161629756,1.0069999999999992
8,9,0.5996490878322889,1.0079999999999991
9,16,0.6153348633243844,1.008999999999999
10,15,0.6194113033585563,1.009999999999999
11,12,0.6048316392125037,1.0109999999999988
12,9,0.6037992414593458,1.0119999999999987
13,16,0.6055936496637956,1.0129999999999986
14,14,0.6066645574733317,1.0139999999999985
15,10,0.5818107597616062,1.0149999999999983
16,9,0.5439264672192733,1.0159999999999982
17,8,0.5350180285011602,1.0169999999999981
18,14,0.5487804059110067,1.017999999999998
19,10,0.5409173925395413,1.018999999999998
20,10,0.5204815664291471,1.0199999999999978
21,9,0.5295704752954706,1.0209999999999977
22,8,0.5379748199397677,1.0219999999999976
23,16,0.5379748199397677,1.0229999999999975
24,12,0.5396206016207912,1.0239999999999974
25,9,0.5453040150479032,1.0249999999999972
26,8,0.5350180285011602,1.0259999999999971
27,14,0.5430112665022326,1.026999999999997
28,13,0.53650506335457,1.027999999999997
29,9,0.5406744728368313,1.0289999999999968
30,7,0.5428281373539143,1.0299999999999967
31,12,0.5221838303720605,1.0309999999999966
32,11,0.5297749616211356,1.0319999999999965
33,9,0.5220549867162623,1.0329999999999964
34,8,0.5247964153363005,1.0339999999999963
35,7,0.5370985622940242,1.0349999999999961
36,12,0.5221838303720605,1.035999999999996
37,9,0.5154857661252231,1.036999999999996
38,9,0.5006886634533918,1.0379999999999958
39,7,0.5150258380438852,1.0389999999999957
40,12,0.5277499132791603,1.0399999999999956
41,11,0.5358470520652445,1.0409999999999955
42,10,0.5251277924981512,1.0419999999999954
43,9,0.513854552350634,1.0429999999999953
44,8,0.5202944066268265,1.0439999999999952
45,16,0.5235834428913976,1.044999999999995
46,12,0.5342541367525827,1.045999999999995
47,9,0.5450364604446275,1.0469999999999948
48,8,0.5298292705945763,1.0479999999999947
49,16,0.5298292705945764,1.0489999999999946
50,14,0.5343866111552552,1.0499999999999945
51,10,0.5232382875182312,1.0509999999999944
52,8,0.5259446066397977,1.0519999999999943
53,7,0.5058375534104778,1.0529999999999942
54,12,0.5130878592887084,1.053999999999994
55,9,0.5267863231463263,1.054999999999994
56,7,0.535031590711041,1.0559999999999938
57,12,0.512369033543154,1.0569999999999937
58,11,0.5169175167615231,1.0579999999999936
59,20,0.497543489018355,1.0589999999999935
60,16,0.5045347911924027,1.0599999999999934
61,15,0.494299239252004,1.0609999999999933
62,13,0.48478478340252296,1.0619999999999932
63,9,0.4836338584318533,1.062999999999993
64,16,0.47739808383601556,1.063999999999993
65,12,0.48000468500729926,1.0649999999999928
66,9,0.475724487647691,1.0659999999999927
67,9,0.472505571122771,1.0669999999999926
68,8,0.47377680274548056,1.0679999999999925
69,16,0.47377680274548056,1.0689999999999924
70,11,0.4737099777976051,1.0699999999999923
71,9,0.47719602538201333,1.0709999999999922
72,8,0.47015552165494556,1.071999999999992
73,8,0.47015552165494556,1.072999999999992
74,16,0.4701555216549456,1.0739999999999919
75,11,0.4744941513382098,1.0749999999999917
76,9,0.47719602538201333,1.0759999999999916
77,16,0.47254066682483337,1.0769999999999915
78,15,0.4732209967370826,1.0779999999999914
79,28,0.47601982636922546,1.0789999999999913
80,22,0.47651620420155855,1.0799999999999912
81,19,0.4796632187318057,1.080999999999991
82,17,0.4780218406771359,1.081999999999991
83,13,0.479912776632979,1.0829999999999909
84,11,0.4774214756214299,1.0839999999999907
85,12,0.48999294018837625,1.0849999999999906
86,9,0.48501412425241597,1.0859999999999905
87,8,0.48784892501633115,1.0869999999999904
88,14,0.4873503210231102,1.0879999999999903
89,12,0.4915194215034462,1.0889999999999902
90,11,0.49417248544547815,1.08999999999999
91,18,0.49495880345667165,1.09099999999999
92,15,0.49893926567190683,1.0919999999999899
93,26,0.4967981137694861,1.0929999999999898
94,21,0.4962291075826971,1.0939999999999896
95,18,0.49164127759715703,1.0949999999999895
96,16,0.4917744663729746,1.0959999999999894
97,26,0.49346532434475093,1.0969999999999893
98,23,0.4958664763400887,1.0979999999999892
99,17,0.4995165494019278,1.098999999999989
100,13,0.5016633027620409,1.099999999999989
101,11,0.4971973172780778,1.1009999999999889
102,18,0.4970349685243563,1.1019999999999888
103,13,0.5005604928597259,1.1029999999999887
104,10,0.5049094915695692,1.1039999999999885
105,9,0.49703496852435625,1.1049999999999884
106,16,0.5013723748222639,1.1059999999999883
107,15,0.5002094787010724,1.1069999999999882
108,11,0.49206276286907386,1.107999999999988
109,9,0.4986687728086248,1.108999999999988
110,16,0.4943123625098836,1.1099999999999879
111,15,0.4964441388011362,1.1109999999999878
112,12,0.48606383049358143,1.1119999999999877
113,9,0.4860638304935814,1.1129999999999876
114,16,0.4775299556974562,1.1139999999999874
115,14,0.47970056106265074,1.1149999999999873
116,10,0.47952806452552715,1.1159999999999872
117,8,0.4749281089894528,1.1169999999999871
118,14,0.4767270219677897,1.117999999999987
119,13,0.47235832710388465,1.118999999999987
120,10,0.47240963081978105,1.1199999999999868
121,9,0.47815445970941906,1.1209999999999867
122,16,0.4809938712203489,1.1219999999999866
123,14,0.4836593216602424,1.1229999999999865
124,10,0.4850703293621555,1.1239999999999863
125,9,0.4796870264914444,1.1249999999999862
126,16,0.4903727721233779,1.1259999999999861
127,15,0.4862942253963042,1.126999999999986
128,10,0.4897757352143402,1.127999999999986
129,8,0.4966357394826516,1.1289999999999858
130,14,0.49136655152323677,1.1299999999999857
131,13,0.49414232803885416,1.1309999999999856
132,10,0.49518656719861315,1.1319999999999855
133,9,0.4928246260002564,1.1329999999999854
134,8,0.4966357394826516,1.1339999999999852
135,14,0.49136655152323677,1.1349999999999851
136,10,0.4819518753765058,1.135999999999985
137,8,0.47795787255317607,1.136999999999985
138,7,0.4811973605150281,1.1379999999999848
139,7,0.4811973605150281,1.1389999999999847
140,14,0.4811973605150281,1.1399999999999846
141,9,0.4762220776185003,1.1409999999999845
142,7,0.48018960889775913,1.1419999999999844
143,12,0.4843409675773504,1.1429999999999843
144,11,0.4869827412825449,1.1439999999999841
145,20,0.49163162587342113,1.144999999999984
146,17,0.4886199767709834,1.145999999999984
147,16,0.48495165305437093,1.1469999999999838
148,15,0.48079421950887674,1.1479999999999837
149,10,0.4768203205310143,1.1489999999999836
150,18,0.4753103586090245,1.1499999999999835
151,14,0.47179618903367404,1.1509999999999834
152,10,0.46580118085297073,1.1519999999999833
153,18,0.46017419672732035,1.1529999999999831
154,16,0.46034489788315386,1.153999999999983
155,15,0.4602121765326245,1.154999999999983
156,22,0.46612743527197137,1.1559999999999828
157,18,0.4669700390788329,1.1569999999999827
158,16,0.4676768416668582,1.1579999999999826
159,12,0.47049050212570304,1.1589999999999825
160,20,0.4619739458796109,1.1599999999999824
161,18,0.46193374896166833,1.1609999999999823
162,13,0.4576169669816791,1.1619999999999822
163,11,0.4567590122254217,1.162999999999982
164,9,0.45667077000751166,1.163999999999982
165,16,0.45596265149081394,1.1649999999999818
166,12,0.4580870070409075,1.1659999999999817
167,9,0.45782179577086235,1.1669999999999816
168,8,0.4572575554745834,1.1679999999999815
169,16,0.45725755547458347,1.1689999999999814
170,15,0.45691901129681606,1.1699999999999813
171,10,0.45421065787467685,1.1709999999999812
172,8,0.4572575554745834,1.171999999999981
173,14,0.4565321036650819,1.172999999999981
174,13,0.4560856717823117,1.1739999999999808
175,10,0.4582731880078856,1.1749999999999807
176,8,0.4572575554745834,1.1759999999999806
177,14,0.4565321036650819,1.1769999999999805
178,12,0.4555648345857464,1.1779999999999804
179,9,0.45782179577086235,1.1789999999999803
180,9,0.45782179577086235,1.1799999999999802
181,8,0.4572575554745834,1.18099999999998
182,14,0.4565321036650819,1.18199999999998
183,10,0.4582731880078857,1.1829999999999798
184,8,0.4572575554745834,1.1839999999999797
185,7,0.45653210366508185,1.1849999999999796
186,14,0.4565321036650819,1.1859999999999795
187,13,0.4560856717823117,1.1869999999999794
188,9,0.45782179577086235,1.1879999999999793
189,7,0.45653210366508185,1.1889999999999792
190,12,0.4522845900180932,1.189999999999979
191,11,0.4513708510978203,1.190999999999979
192,9,0.44893421397709266,1.1919999999999789
193,8,0.4472590259565924,1.1929999999999787
194,7,0.44510521278737786,1.1939999999999786
195,12,0.44900434545043977,1.1949999999999785
196,9,0.4490744769237868,1.1959999999999784
197,9,0.451908078387984,1.1969999999999783
198,7,0.44991879000381435,1.1979999999999782
199,12,0.44784930198093437,1.198999999999978
200,11,0.4494807799659023,1.199999999999978
201,10,0.4475022600666798,1.2009999999999779
202,9,0.4503680204286435,1.2019999999999778
203,8,0.44973834081671626,1.2029999999999776
204,16,0.44973834081671626,1.2039999999999775
205,12,0.44939698134432954,1.2049999999999774
206,9,0.45397165087251107,1.2059999999999773
207,7,0.4525719546267776,1.2069999999999772
208,12,0.45209970417723017,1.207999999999977
209,11,0.45116915745324254,1.208999999999977
210,10,0.4500525013844574,1.2099999999999769
211,9,0.4532016218928408,1.2109999999999768
212,8,0.45292614246393814,1.2119999999999767
213,14,0.4525719546267776,1.2129999999999765
214,10,0.4500525013844574,1.2139999999999764
215,9,0.4494577285022791,1.2149999999999763
216,8,0.45292614246393814,1.2159999999999762
217,16,0.45486750267396014,1.216999999999976
218,14,0.4525719546267776,1.217999999999976
219,10,0.44935947530275416,1.2189999999999759
220,8,0.4478479797974272,1.2199999999999758
221,7,0.4515819173672015,1.2209999999999757
222,12,0.45408772972512956,1.2219999999999756
223,9,0.45739238058271375,1.2229999999999754
224,7,0.45796007294232854,1.2239999999999753
225,12,0.4502327716034891,1.2249999999999752
226,11,0.4497625274470734,1.225999999999975
227,20,0.4485052083776713,1.226999999999975
228,16,0.4460956431091465,1.227999999999975
229,15,0.44725930747468706,1.2289999999999748
230,13,0.45246577101082486,1.2299999999999747
231,20,0.4549533691683593,1.2309999999999746
232,18,0.4528077578061225,1.2319999999999744
233,13,0.4431047591741019,1.2329999999999743
234,10,0.4478121822959681,1.2339999999999742
235,9,0.45071237846118606,1.2349999999999741
236,18,0.4471366031806838,1.235999999999974
237,13,0.4436469063798614,1.236999999999974
238,10,0.44474529084256964,1.2379999999999738
239,9,0.43937006921030863,1.2389999999999737
240,16,0.4360356881951896,1.2399999999999736
241,15,0.432229915039341,1.2409999999999735
242,11,0.4299423376152681,1.2419999999999733
243,9,0.4351793105204356,1.2429999999999732
244,8,0.43265104216998235,1.2439999999999731
245,14,0.42852342675612076,1.244999999999973
246,10,0.42757651408535385,1.245999999999973
247,10,0.42757651408535385,1.2469999999999728
248,9,0.4244844092810529,1.2479999999999727
249,16,0.43111631898424446,1.2489999999999726
250,15,0.43603430946586297,1.2499999999999725
251,11,0.43902087215833596,1.2509999999999724
252,9,0.4353798532326191,1.2519999999999722
253,16,0.4433736934297564,1.2529999999999721
254,15,0.4425715758368027,1.253999999999972
255,10,0.43738241364176333,1.254999999999972
256,9,0.4353798532326191,1.2559999999999718
257,16,0.4433736934297564,1.2569999999999717
258,15,0.4425715758368027,1.2579999999999716
259,10,0.43738241364176333,1.2589999999999715
260,8,0.4328766527211887,1.2599999999999714
261,14,0.4416548700162842,1.2609999999999713
262,13,0.4405971325310705,1.2619999999999711
263,10,0.4445522676600272,1.262999999999971
264,9,0.4433463576973567,1.263999999999971
265,16,0.4433736934297564,1.2649999999999708
266,14,0.4416548700162842,1.2659999999999707
267,11,0.43902087215833596,1.2669999999999706
268,10,0.44700782475720774,1.2679999999999705
269,9,0.44607475447200173,1.2689999999999704
270,16,0.4449084166154943,1.2699999999999703
271,11,0.4477712458996491,1.2709999999999702
272,9,0.44607475447200173,1.27199999999997
273,8,0.44490841661549424,1.27299999999997
274,8,0.44490841661549424,1.2739999999999698
275,16,0.44711809512944406,1.2749999999999697
276,11,0.4509853237381216,1.2759999999999696
277,9,0.4500030718301347,1.2769999999999695
278,16,0.4493277736433939,1.2779999999999694
279,15,0.4489225947313494,1.2789999999999693
280,28,0.44920066837741307,1.2799999999999692
281,23,0.44785180121509804,1.280999999999969
282,19,0.44882058253138696,1.281999999999969
283,17,0.44968528444813904,1.2829999999999688
284,26,0.45084591216836983,1.2839999999999687
285,23,0.45236516581959896,1.2849999999999686
286,16,0.4510350382863963,1.2859999999999685
287,13,0.44792523125554745,1.2869999999999684
288,10,0.45054331037952744,1.2879999999999683
289,18,0.4500030718301347,1.2889999999999682
290,13,0.44792523125554745,1.289999999999968
291,10,0.45054331037952744,1.290999999999968
292,9,0.4500030718301347,1.2919999999999678
293,9,0.4500030718301347,1.2929999999999677
294,18,0.4500030718301347,1.2939999999999676
295,13,0.4479252312555474,1.2949999999999675
296,10,0.4456811634349931,1.2959999999999674
297,9,0.44460068633620764,1.2969999999999673
298,16,0.4493277736433939,1.2979999999999672
299,15,0.4489225947313493,1.298999999999967
300,11,0.4509853237381215,1.299999999999967
301,9,0.4500030718301347,1.3009999999999668
302,8,0.44932777364339394,1.3019999999999667
303,14,0.44845953311758413,1.3029999999999666
304,10,0.45054331037952744,1.3039999999999665
305,8,0.4493277736433939,1.3049999999999664
306,7,0.4484595331175842,1.3059999999999663
307,7,0.4484595331175842,1.3069999999999662
308,14,0.4484595331175842,1.307999999999966
309,9,0.4500030718301347,1.308999999999966
310,7,0.4484595331175842,1.3099999999999659
311,12,0.44730187908317115,1.3109999999999657
312,11,0.44656519015218116,1.3119999999999656
313,20,0.4456811634349931,1.3129999999999655
314,17,0.4468251980101776,1.3139999999999654
315,16,0.44932777364339394,1.3149999999999653
316,14,0.4484595331175842,1.3159999999999652
317,22,0.4509135670060455,1.316999999999965
318,19,0.4502043211663588,1.317999999999965
319,14,0.4518197346418465,1.3189999999999649
320,11,0.4508418102739695,1.3199999999999648
321,18,0.4552300519789873,1.3209999999999646
322,17,0.45521973401751237,1.3219999999999645
323,12,0.45527390331525597,1.3229999999999644
324,9,0.4552300519789873,1.3239999999999643
325,8,0.45520812631085295,1.3249999999999642
326,14,0.451146034628365,1.325999999999964
327,10,0.44944226555008615,1.326999999999964
328,8,0.44795146760659216,1.3279999999999639
329,7,0.4468866119326679,1.3289999999999638
330,12,0.45346235855272016,1.3299999999999637
331,11,0.45328571320987104,1.3309999999999635
332,10,0.4587212009512934,1.3319999999999634
333,8,0.4597474678713101,1.3329999999999633
334,14,0.4603677550923456,1.3339999999999632
335,13,0.46509367196132234,1.334999999999963
336,10,0.45887906576186055,1.335999999999963
337,9,0.45926502225494925,1.3369999999999629
338,8,0.45974746787131016,1.3379999999999628
339,14,0.46843555816783333,1.3389999999999627
340,10,0.46452652791470195,1.3399999999999626
341,8,0.46680679556236193,1.3409999999999624
342,7,0.46843555816783333,1.3419999999999623
343,14,0.46843555816783333,1.3429999999999622
344,12,0.47060724164179524,1.3439999999999621
345,9,0.46553998020255083,1.344999999999962
346,8,0.46680679556236193,1.345999999999962
347,14,0.46843555816783333,1.3469999999999618
348,13,0.46943787361735423,1.3479999999999617
349,10,0.473647598505342,1.3489999999999616
350,8,0.46680679556236193,1.3499999999999615
351,7,0.46843555816783333,1.3509999999999613
352,12,0.47060724164179524,1.3519999999999612
353,9,0.47567450308103976,1.3529999999999611
354,8,0.47820813380066196,1.353999999999961
355,14,0.46342069692557014,1.354999999999961
356,12,0.4647565701924881,1.3559999999999608
357,11,0.46560667136234507,1.3569999999999607
358,16,0.4694321266267013,1.3579999999999606
359,13,0.45863663401863347,1.3589999999999605
360,11,0.4509322383352465,1.3599999999999604
361,9,0.4499381896710653,1.3609999999999602
362,16,0.4580307883884014,1.3619999999999601
363,14,0.45189078526142124,1.36299999999996
364,10,0.4575057221755334,1.36399999999996
365,9,0.45773908493680804,1.3649999999999598
366,8,0.4580307883884014,1.3659999999999597
367,14,0.458405835683307,1.3669999999999596
368,10,0.4575057221755334,1.3679999999999595
369,8,0.4580307883884014,1.3689999999999594
370,14,0.45508105727215215,1.3699999999999593
371,13,0.45505610342200514,1.3709999999999591
372,24,0.4589058987431811,1.371999999999959
373,19,0.4550265040689283,1.372999999999959
374,18,0.45500545111030966,1.3739999999999588
375,16,0.45495545033359075,1.3749999999999587
376,24,0.4647565701924882,1.3759999999999586
377,21,0.46609244345940626,1.3769999999999585
378,15,0.46428652418645056,1.3779999999999584
379,12,0.47235746235135484,1.3789999999999583
380,10,0.4848689339474534,1.3799999999999581
381,9,0.4780081306937858,1.380999999999958
382,10,0.4778481282082849,1.381999999999958
383,8,0.4720574576910406,1.3829999999999578
384,7,0.4744363148863234,1.3839999999999577
385,6,0.4893094673786477,1.3849999999999576
386,12,0.4893094673786478,1.3859999999999575
387,11,0.4923916501108829,1.3869999999999574
388,8,0.4922348031033013,1.3879999999999573
389,7,0.48446603737084976,1.3889999999999572
390,12,0.4893094673786478,1.389999999999957
391,11,0.48409976775575553,1.390999999999957
392,10,0.5031110751287334,1.3919999999999568
393,9,0.4982771764507636,1.3929999999999567
394,8,0.49223480310330125,1.3939999999999566
395,14,0.5001385110556452,1.3949999999999565
396,10,0.5068103971061669,1.3959999999999564
397,9,0.5023875342034674,1.3969999999999563
398,8,0.5082602938133931,1.3979999999999562
399,16,0.5062436283181555,1.398999999999956
400,14,0.5120060349948321,1.399999999999956
401,10,0.5325460012116686,1.4009999999999558
402,8,0.5404297989452702,1.4019999999999557
403,7,0.5342612869367664,1.4029999999999556
404,12,0.5322021408878173,1.4039999999999555
405,9,0.5232871090208984,1.4049999999999554
406,7,0.5166216649610231,1.4059999999999553
407,12,0.5290407020910498,1.4069999999999552
408,11,0.5274429328965577,1.407999999999955
409,20,0.5378733452461877,1.408999999999955
410,17,0.5363304950136687,1.4099999999999548
411,16,0.5410928991286109,1.4109999999999547
412,15,0.5407246815218208,1.4119999999999546
413,10,0.5378733452461875,1.4129999999999545
414,18,0.5467180821541786,1.4139999999999544
415,14,0.5494570065296127,1.4149999999999543
416,10,0.5539204026066413,1.4159999999999542
417,18,0.5560870979151712,1.416999999999954
418,16,0.5572709647507598,1.417999999999954
419,15,0.5539518707995372,1.4189999999999539
420,20,0.5577141291627624,1.4199999999999537
421,18,0.5568920576122216,1.4209999999999536
422,16,0.5581765444099416,1.4219999999999535
423,22,0.5634312631278869,1.4229999999999534
424,18,0.5651127731176293,1.4239999999999533
425,16,0.5674248493535252,1.4249999999999532
426,11,0.5634312631278867,1.425999999999953
427,18,0.5694757776550473,1.426999999999953
428,16,0.5700211532222246,1.4279999999999529
429,11,0.5705707250982072,1.4289999999999528
430,10,0.5729661812849816,1.4299999999999526
431,9,0.5717836033161132,1.4309999999999525
432,16,0.5664025010021339,1.4319999999999524
433,12,0.5633706718053696,1.4329999999999523
434,11,0.5577543469782227,1.4339999999999522
435,9,0.5561191411694656,1.434999999999952
436,16,0.5495347324330335,1.435999999999952
437,14,0.5473092980495198,1.4369999999999519
438,11,0.5407722948593839,1.4379999999999518
439,9,0.5423017527626968,1.4389999999999517
440,16,0.5409179538322045,1.4399999999999515
441,15,0.539769612486042,1.4409999999999514
442,10,0.5495030272335224,1.4419999999999513
443,8,0.5441597269132233,1.4429999999999512
444,7,0.5516976961539234,1.443999999999951
445,12,0.5525446183078336,1.444999999999951
446,9,0.5485430220345092,1.4459999999999509
447,7,0.543808807439332,1.4469999999999508
448,12,0.5591841032598318,1.4479999999999507
449,11,0.5653468451717871,1.4489999999999505
450,20,0.5672199133659197,1.4499999999999504
451,17,0.5676911791726456,1.4509999999999503
452,15,0.5741826626984126,1.4519999999999502
453,26,0.5755780303262255,1.45299999999995
454,22,0.5649985673566383,1.45399999999995
455,18,0.5721514472181298,1.4549999999999499
456,13,0.5647214408608956,1.4559999999999498
457,22,0.5770033264919532,1.4569999999999497
458,19,0.5798542880714341,1.4579999999999496
459,13,0.5689693040149064,1.4589999999999494
460,10,0.5763427208406687,1.4599999999999493
461,9,0.5796456716862473,1.4609999999999492
462,16,0.5912444278772201,1.4619999999999491
463,11,0.5736403065124681,1.462999999999949
464,10,0.5629953657290676,1.463999999999949
465,9,0.5648152771178014,1.4649999999999488
466,16,0.567090166353719,1.4659999999999487
467,15,0.5659888852436471,1.4669999999999486
468,12,0.5750272917121865,1.4679999999999485
469,10,0.5807095174085314,1.4689999999999483
470,18,0.5648152771178016,1.4699999999999482
471,17,0.5637097414773901,1.4709999999999481
472,12,0.5597092698206091,1.471999999999948
473,9,0.5492432441155456,1.472999999999948
474,7,0.544709092972093,1.4739999999999478
475,12,0.5382257112999759,1.4749999999999477
476,9,0.5451328863628417,1.4759999999999476
477,9,0.5451328863628417,1.4769999999999475
478,8,0.5449474767543891,1.4779999999999474
479,14,0.5394243472900453,1.4789999999999472
480,13,0.538871130679244,1.4799999999999471
481,9,0.5451328863628417,1.480999999999947
482,8,0.5449474767543891,1.481999999999947
483,14,0.5394243472900453,1.4829999999999468
484,13,0.538871130679244,1.4839999999999467
485,9,0.5313185362371099,1.4849999999999466
486,7,0.533186066478813,1.4859999999999465
487,12,0.5382257112999759,1.4869999999999464
488,11,0.5414327580043522,1.4879999999999463
489,8,0.5348648285727691,1.4889999999999461
490,7,0.5394243472900452,1.489999999999946
491,12,0.5382257112999759,1.490999999999946
492,11,0.5414327580043522,1.4919999999999458
493,8,0.5348648285727691,1.4929999999999457
494,7,0.5394243472900452,1.4939999999999456
495,12,0.5430641416778078,1.4949999999999455
496,11,0.5427412306275664,1.4959999999999454
497,10,0.534287618821981,1.4969999999999453
498,9,0.5377697767408859,1.4979999999999452
499,8,0.542122474139517,1.498999999999945
500,14,0.5414805185550964,1.499999999999945
501,10,0.5312788984124579,1.5009999999999448
502,8,0.5366639784296888,1.5019999999999447
503,14,0.5442116723557692,1.5029999999999446
504,13,0.5440267115192543,1.5039999999999445
505,24,0.5442635749157543,1.5049999999999444
506,19,0.5544212657176593,1.5059999999999443
507,18,0.5503737055528946,1.5069999999999442
508,16,0.5563018940530268,1.507999999999944
509,24,0.5608383047638712,1.508999999999944
510,21,0.5646206083162402,1.5099999999999438
511,15,0.5555818242903644,1.5109999999999437
512,13,0.5423551953117477,1.5119999999999436
513,11,0.549520103995368,1.5129999999999435
514,18,0.5460550664126432,1.5139999999999434
515,13,0.5389961210287765,1.5149999999999433
516,10,0.5417443795265625,1.5159999999999432
517,9,0.5460550664126432,1.516999999999943
518,16,0.5561439884782501,1.517999999999943
519,15,0.5596903745400111,1.5189999999999428
520,11,0.5490244521658348,1.5199999999999427
521,9,0.5592636198578345,1.5209999999999426
522,16,0.5631758174246424,1.5219999999999425
523,15,0.5642797943709212,1.5229999999999424
524,12,0.572890928121279,1.5239999999999423
525,10,0.5661769392715741,1.5249999999999422
526,18,0.5648457977595344,1.525999999999942
527,17,0.5684868330658696,1.526999999999942
528,12,0.5744235550734441,1.5279999999999418
529,9,0.5689561555122382,1.5289999999999417
530,7,0.5574616406779531,1.5299999999999416
531,12,0.5618090242533119,1.5309999999999415
532,9,0.5578206865137152,1.5319999999999414
533,9,0.5390299551668241,1.5329999999999413
534,8,0.5435401748686975,1.5339999999999412
535,14,0.5458558598272597,1.534999999999941
536,13,0.5535301633367482,1.535999999999941
537,10,0.5531428294309348,1.5369999999999409
538,9,0.5399292794039435,1.5379999999999407
539,8,0.5445519146354569,1.5389999999999406
540,14,0.5504953027902599,1.5399999999999405
541,10,0.5225091950304417,1.5409999999999404
542,8,0.5173167962184729,1.5419999999999403
543,7,0.5263357910585428,1.5429999999999402
544,14,0.5263357910585428,1.54399999999994
545,12,0.5235119578552473,1.54499999999994
546,9,0.5067579313162955,1.5459999999999399
547,7,0.5078464266775695,1.5469999999999398
548,12,0.5167901924008339,1.5479999999999396
549,11,0.5180485555689246,1.5489999999999395
550,10,0.5244350278920187,1.5499999999999394
551,9,0.5121761941178347,1.5509999999999393
552,16,0.5133296936885845,1.5519999999999392
553,14,0.5148127645652628,1.552999999999939
554,10,0.5063769579398496,1.553999999999939
555,10,0.5112533944612349,1.5549999999999389
556,9,0.5121761941178347,1.5559999999999388
557,18,0.5121761941178347,1.5569999999999387
558,13,0.5194765285827458,1.5579999999999385
559,10,0.5244350278920187,1.5589999999999384
560,9,0.5121761941178347,1.5599999999999383
561,9,0.5121761941178347,1.5609999999999382
562,18,0.5121761941178347,1.561999999999938
563,13,0.5055857055426158,1.562999999999938
564,10,0.5112533944612349,1.5639999999999379
565,18,0.5121761941178347,1.5649999999999378
566,17,0.5127190174452464,1.5659999999999377
567,32,0.5133296936885845,1.5669999999999376
568,27,0.5054880200614759,1.5679999999999374
569,23,0.5059297283240217,1.5689999999999373
570,20,0.5112533944612349,1.5699999999999372
571,30,0.5052340378105118,1.5709999999999371
572,26,0.5055857055426157,1.571999999999937
573,18,0.5121761941178347,1.572999999999937
574,15,0.5140217934310344,1.5739999999999368
575,26,0.503036480086418,1.5749999999999367
576,23,0.5030479951996243,1.5759999999999366
577,16,0.5009486814280232,1.5769999999999365
578,13,0.5004872546302201,1.5779999999999363
579,11,0.5000398104626536,1.5789999999999362
580,9,0.49939350222061296,1.5799999999999361
581,10,0.48344245146629516,1.580999999999936
582,8,0.48466156059664145,1.581999999999936
583,8,0.47856601494490986,1.5829999999999358
584,7,0.48204918388875656,1.5839999999999357
585,7,0.48204918388875656,1.5849999999999356
586,14,0.4820491838887566,1.5859999999999355
587,10,0.4785660149449099,1.5869999999999354
588,8,0.47856601494490986,1.5879999999999352
589,7,0.47508284600106326,1.5889999999999351
590,14,0.4750828460010633,1.589999999999935
591,12,0.47856601494490997,1.590999999999935
592,9,0.4812751463456796,1.5919999999999348
593,7,0.47508284600106326,1.5929999999999347
594,12,0.47856601494490997,1.5939999999999346
595,11,0.47634945288973485,1.5949999999999345
596,10,0.4688131419021394,1.5959999999999344
597,9,0.4704386207426011,1.5969999999999342
598,16,0.4724704692931784,1.5979999999999341
599,14,0.4750828460010634,1.598999999999934
600,10,0.4736895784235247,1.599999999999934
601,9,0.47585688354414035,1.6009999999999338
602,16,0.4724704692931784,1.6019999999999337
603,15,0.47368957842352466,1.6029999999999336
604,10,0.4736895784235247,1.6039999999999335
605,9,0.47585688354414035,1.6049999999999334
606,16,0.4724704692931784,1.6059999999999333
607,15,0.47368957842352466,1.6069999999999331
608,11,0.4674832046690343,1.607999999999933
609,9,0.4650203579410619,1.608999999999933
610,8,0.4663749236414467,1.6099999999999328
611,14,0.4681165081133701,1.6109999999999327
612,10,0.4688131419021394,1.6119999999999326
613,10,0.4688131419021394,1.6129999999999325
614,9,0.46502035794106195,1.6139999999999324
615,8,0.46637492364144667,1.6149999999999323
616,16,0.4663749236414468,1.6159999999999322
617,11,0.46305008055868413,1.616999999999932
618,9,0.46502035794106195,1.617999999999932
619,8,0.4602793779897151,1.6189999999999318
620,8,0.4602793779897151,1.6199999999999317
621,16,0.4561328241956493,1.6209999999999316
622,11,0.45258560547514703,1.6219999999999315
623,9,0.4522304439500723,1.6229999999999314
624,8,0.45198627040158335,1.6239999999999313
625,14,0.450144055085492,1.6249999999999312
626,13,0.44608219797269627,1.625999999999931
627,10,0.4454097572122301,1.626999999999931
628,8,0.4432162384307917,1.6279999999999308
629,7,0.4416494393011929,1.6289999999999307
630,12,0.43956037379506124,1.6299999999999306
631,9,0.44443485997603527,1.6309999999999305
632,7,0.4416494393011929,1.6319999999999304
633,6,0.43956037379506113,1.6329999999999303
634,12,0.43956037379506124,1.6339999999999302
635,10,0.43542461139073635,1.63499999999993
636,8,0.4417024000611163,1.63599999999993
637,6,0.4375419226354939,1.6369999999999298
638,10,0.43983919677506106,1.6379999999999297
639,9,0.4382453483791808,1.6389999999999296
640,8,0.44873447016119766,1.6399999999999295
641,7,0.4479559898502283,1.6409999999999294
642,6,0.44691801610226906,1.6419999999999293
643,10,0.4454648528551262,1.6429999999999292
644,8,0.44873447016119766,1.643999999999929
645,7,0.4479559898502283,1.644999999999929
646,6,0.44691801610226906,1.6459999999999289
647,12,0.44691801610226917,1.6469999999999287
648,10,0.4454648528551262,1.6479999999999286
649,8,0.44873447016119766,1.6489999999999285
650,6,0.44691801610226906,1.6499999999999284
651,10,0.4454648528551262,1.6509999999999283
652,9,0.4444960773570309,1.6519999999999282
653,8,0.44873447016119766,1.652999999999928
654,7,0.4479559898502283,1.653999999999928
655,6,0.44691801610226906,1.6549999999999279
656,10,0.45042607405474727,1.6559999999999278
657,8,0.45493599666072404,1.6569999999999276
658,7,0.45504344870682983,1.6579999999999275
659,6,0.4551867181016376,1.6589999999999274
660,12,0.4551867181016376,1.6599999999999273
661,10,0.45042607405474727,1.6609999999999272
662,8,0.45493599666072404,1.661999999999927
663,6,0.44691801610226906,1.662999999999927
664,10,0.4454648528551262,1.6639999999999269
665,9,0.4493399548475072,1.6649999999999268
666,8,0.44873447016119766,1.6659999999999267
667,7,0.4479559898502283,1.6669999999999265
668,12,0.44691801610226917,1.6679999999999264
669,11,0.4462574873535678,1.6689999999999263
670,10,0.44982434259655485,1.6699999999999262
671,9,0.4493399548475072,1.670999999999926
672,18,0.44855722729708336,1.671999999999926
673,16,0.4505785827553637,1.6729999999999259
674,12,0.4541838323379836,1.6739999999999258
675,9,0.4541838323379835,1.6749999999999257
676,16,0.45686886900707485,1.6759999999999255
677,14,0.4572524456740879,1.6769999999999254
678,10,0.45847989100852954,1.6779999999999253
679,8,0.45955390567616594,1.6789999999999252
680,14,0.46032105901019216,1.679999999999925
681,13,0.46079315336959276,1.680999999999925
682,10,0.45847989100852954,1.6819999999999249
683,8,0.45955390567616594,1.6829999999999248
684,14,0.46032105901019216,1.6839999999999247
685,12,0.46134393012222685,1.6849999999999246
686,9,0.44912756020097455,1.6859999999999244
687,9,0.44912756020097455,1.6869999999999243
688,8,0.4484955261838484,1.6879999999999242
689,14,0.4476829110189721,1.6889999999999241
690,10,0.44963318741467545,1.689999999999924
691,9,0.44912756020097455,1.690999999999924
692,16,0.4484955261838486,1.6919999999999238
693,15,0.4481163057735729,1.6929999999999237
694,13,0.4471828401482789,1.6939999999999236
695,18,0.4511255828333196,1.6949999999999235
696,16,0.4547398780392798,1.6959999999999233
697,14,0.454819313139465,1.6969999999999232
698,20,0.458476230929543,1.6979999999999231
699,18,0.45895316410638287,1.698999999999923
700,16,0.4533049787220016,1.699999999999923
701,22,0.44382280619774617,1.7009999999999228
702,18,0.44152035594436,1.7019999999999227
703,16,0.439937421395157,1.7029999999999226
704,11,0.43448710409608077,1.7039999999999225
705,18,0.4418644002435812,1.7049999999999224
706,16,0.4431686243088484,1.7059999999999222
707,13,0.4480497244353815,1.7069999999999221
708,10,0.4427867035837223,1.707999999999922
709,9,0.4415203559443599,1.708999999999922
710,16,0.439937421395157,1.7099999999999218
711,12,0.4361284981162394,1.7109999999999217
712,9,0.4415203559443599,1.7119999999999216
713,18,0.44152035594436,1.7129999999999215
714,16,0.439937421395157,1.7139999999999214
715,15,0.43670580167838285,1.7149999999999213
716,22,0.44244155193275225,1.7159999999999211
717,18,0.44087147679701794,1.716999999999921
718,16,0.4399123426309156,1.717999999999921
719,12,0.43515517939522635,1.7189999999999208
720,18,0.43173768448218586,1.7199999999999207
721,16,0.4325060581180385,1.7209999999999206
722,11,0.427851276553085,1.7219999999999205
723,9,0.43340990005847607,1.7229999999999204
724,16,0.4208154592236676,1.7239999999999203
725,15,0.41859090101604657,1.7249999999999202
726,10,0.4167823350554335,1.72599999999992
727,8,0.4150962455248957,1.72699999999992
728,14,0.41601322587060896,1.7279999999999198
729,13,0.4130770253731186,1.7289999999999197
730,10,0.4068764111157389,1.7299999999999196
731,9,0.41814155243166584,1.7309999999999195
732,16,0.4207845516790308,1.7319999999999194
733,14,0.4160132258706089,1.7329999999999193
734,10,0.4068764111157389,1.7339999999999192
735,10,0.42174578042229766,1.734999999999919
736,9,0.4244955828633588,1.735999999999919
737,16,0.41983483403955646,1.7369999999999188
738,12,0.42554183185264943,1.7379999999999187
739,10,0.4259448595876624,1.7389999999999186
740,9,0.42280719594873784,1.7399999999999185
741,16,0.41888511640008214,1.7409999999999184
742,15,0.4264447815419279,1.7419999999999183
743,12,0.42588583222227955,1.7429999999999182
744,10,0.4408142288942211,1.743999999999918
745,9,0.43932871740046975,1.744999999999918
746,18,0.4393287174004698,1.7459999999999178
747,13,0.4466779252179853,1.7469999999999177
748,10,0.4501447804705096,1.7479999999999176
749,9,0.45585630010132316,1.7489999999999175
750,16,0.4495424931128934,1.7499999999999174
751,14,0.44887944465216617,1.7509999999999173
752,10,0.44675768957783923,1.7519999999999172
753,8,0.4403862486530973,1.752999999999917
754,14,0.44658463296743317,1.753999999999917
755,13,0.44600007916969847,1.7549999999999168
756,10,0.4488643927785983,1.7559999999999167
757,9,0.4482733439386666,1.7569999999999166
758,16,0.447534532888752,1.7579999999999165
759,14,0.44658463296743317,1.7589999999999164
760,11,0.4474327934651251,1.7599999999999163
761,10,0.4488643927785983,1.7609999999999162
762,8,0.4475345328887519,1.761999999999916
763,14,0.4452082234588368,1.762999999999916
764,10,0.450549343654328,1.7639999999999159
765,10,0.450549343654328,1.7649999999999157
766,9,0.45014551157836624,1.7659999999999156
767,9,0.45014551157836624,1.7669999999999155
768,18,0.457350884122604,1.7679999999999154
769,13,0.45889340582824983,1.7689999999999153
770,10,0.4580184826214452,1.7699999999999152
771,9,0.45844455487516306,1.770999999999915
772,16,0.4589771451923106,1.771999999999915
773,14,0.4543268049092736,1.7729999999999149
774,10,0.4575967302964159,1.7739999999999148
775,8,0.45844995478602385,1.7749999999999146
776,14,0.4596619041715001,1.7759999999999145
777,13,0.45433780279937286,1.7769999999999144
778,10,0.4575967302964158,1.7779999999999143
779,8,0.4589771451923104,1.7789999999999142
780,7,0.45966190417150005,1.779999999999914
781,12,0.44812635119855765,1.780999999999914
782,9,0.4496768978838892,1.7819999999999139
783,9,0.45014551157836624,1.7829999999999138
784,7,0.448991705647047,1.7839999999999137
785,12,0.44812635119855765,1.7849999999999135
786,11,0.4475756710949735,1.7859999999999134
787,10,0.4501275913292987,1.7869999999999133
788,9,0.45014551157836624,1.7879999999999132
789,7,0.448991705647047,1.788999999999913
790,12,0.4441543246265913,1.789999999999913
791,9,0.4443808624546008,1.7909999999999129
792,9,0.44484947614907777,1.7919999999999128
793,7,0.4421825172379618,1.7929999999999127
794,12,0.440182298054625,1.7939999999999126
795,11,0.44324255119828293,1.7949999999999124
796,10,0.4473366072957018,1.7959999999999123
797,9,0.45014551157836624,1.7969999999999122
798,7,0.448991705647047,1.7979999999999121
799,12,0.44812635119855776,1.798999999999912
800,9,0.446575804513226,1.799999999999912
801,9,0.45014551157836624,1.8009999999999118
802,7,0.448991705647047,1.8019999999999117
803,12,0.44812635119855776,1.8029999999999116
804,11,0.4475756710949735,1.8039999999999115
805,10,0.4473366072957018,1.8049999999999113
806,9,0.45014551157836624,1.8059999999999112
807,8,0.44964072148341405,1.8069999999999111
808,16,0.4527489884190216,1.807999999999911
809,12,0.45494798741155623,1.808999999999911
810,9,0.4556713194638905,1.8099999999999108
811,16,0.45585725535462907,1.8109999999999107
812,14,0.45609631578557835,1.8119999999999106
813,13,0.45656785476233896,1.8129999999999105
814,18,0.45661526913797956,1.8139999999999104
815,15,0.45924338073706295,1.8149999999999102
816,13,0.45783478343973355,1.8159999999999101
817,9,0.45014551157836624,1.81699999999991
818,16,0.453656641931697,1.81799999999991
819,14,0.4535813290165132,1.8189999999999098
820,9,0.4537152186435065,1.8199999999999097
821,8,0.45365664193169686,1.8209999999999096
822,14,0.45839550582434974,1.8219999999999095
823,12,0.4590974514054107,1.8229999999999094
824,9,0.4607353244278863,1.8239999999999092
825,16,0.46208145134541084,1.8249999999999091
826,15,0.4626079592792393,1.825999999999909
827,13,0.4639039788086633,1.826999999999909
828,18,0.4607353244278864,1.8279999999999088
829,16,0.46181785614226756,1.8289999999999087
830,14,0.46290843097145096,1.8299999999999086
831,20,0.46313042423645756,1.8309999999999085
832,18,0.4606144371107648,1.8319999999999084
833,16,0.4614182627073624,1.8329999999999083
834,22,0.4650900513525613,1.8339999999999081
835,18,0.4640036026858331,1.834999999999908
836,16,0.4654946691824576,1.835999999999908
837,26,0.4687537120312275,1.8369999999999078
838,22,0.47178619227093477,1.8379999999999077
839,19,0.4709107740049894,1.8389999999999076
840,14,0.47267300825683967,1.8399999999999075
841,22,0.4714027810663627,1.8409999999999074
842,18,0.4718400485420453,1.8419999999999073
843,12,0.48172253745664934,1.8429999999999072
844,10,0.47375058341844023,1.843999999999907
845,9,0.46820910833273377,1.844999999999907
846,16,0.46128226447560067,1.8459999999999068
847,11,0.46489223574272587,1.8469999999999067
848,10,0.45901907339801856,1.8479999999999066
849,9,0.46002493609916617,1.8489999999999065
850,16,0.46075507406931404,1.8499999999999064
851,15,0.4614743250680889,1.8509999999999063
852,11,0.4585795060289245,1.8519999999999062
853,9,0.46002493609916617,1.852999999999906
854,16,0.46075507406931404,1.853999999999906
855,15,0.46147432506808894,1.8549999999999058
856,10,0.4590190733980187,1.8559999999999057
857,8,0.460755074069314,1.8569999999999056
858,7,0.4622963262095459,1.8579999999999055
859,12,0.463648408521473,1.8589999999999054
860,9,0.45908770871021226,1.8599999999999053
861,7,0.4616938228880754,1.8609999999999052
862,12,0.463648408521473,1.861999999999905
863,11,0.46489223574272587,1.862999999999905
864,20,0.4615561639795378,1.8639999999999048
865,16,0.45905924521168795,1.8649999999999047
866,15,0.4658224919748571,1.8659999999999046
867,13,0.4625959393342589,1.8669999999999045
868,20,0.46597834554371476,1.8679999999999044
869,18,0.4675231538582567,1.8689999999999043
870,13,0.4626194308119738,1.8699999999999042
871,11,0.45784044627526144,1.870999999999904
872,9,0.46002493609916617,1.871999999999904
873,16,0.460755074069314,1.8729999999999039
874,12,0.46364840852147293,1.8739999999999037
875,9,0.4595563224046892,1.8749999999999036
876,8,0.46075507406931404,1.8759999999999035
877,14,0.4641142816657321,1.8769999999999034
878,12,0.4664722770954057,1.8779999999999033
879,9,0.4710370390423566,1.8789999999999032
880,8,0.4736708802866899,1.879999999999903
881,14,0.4640869608251877,1.880999999999903
882,13,0.464848739939588,1.8819999999999029
883,10,0.46508132225637927,1.8829999999999028
884,8,0.46886007554855147,1.8839999999999026
885,14,0.45986538526611515,1.8849999999999025
886,13,0.46326292302251815,1.8859999999999024
887,11,0.4559037643752775,1.8869999999999023
888,9,0.45675458518915335,1.8879999999999022
889,7,0.45869409264671407,1.888999999999902
890,12,0.46014872323988465,1.889999999999902
891,9,0.4515935309584715,1.8909999999999019
892,9,0.4473172600801263,1.8919999999999018
893,8,0.45126974328603253,1.8929999999999017
894,14,0.453798533410312,1.8939999999999015
895,13,0.44842735450419763,1.8949999999999014
896,11,0.443442340864436,1.8959999999999013
897,9,0.44533161363754864,1.8969999999999012
898,8,0.4490358910381326,1.897999999999901
899,14,0.44890297417390995,1.898999999999901
900,10,0.4337843793647383,1.8999999999999009
901,8,0.4360722733498039,1.9009999999999008
902,7,0.43348490778006393,1.9019999999999007
903,7,0.43348490778006393,1.9029999999999005
904,14,0.4387278747372128,1.9039999999999004
905,9,0.44196412429237686,1.9049999999999003
906,8,0.4452474655248144,1.9059999999999002
907,14,0.44397084169436163,1.9069999999999
908,13,0.4461457222529374,1.9079999999999
909,24,0.4454758797458504,1.9089999999998999
910,19,0.4449213920426703,1.9099999999998998
911,17,0.4443503719060574,1.9109999999998997
912,15,0.44327733307580924,1.9119999999998996
913,22,0.4441414978774219,1.9129999999998994
914,18,0.44288959447154236,1.9139999999998993
915,13,0.4463271825338537,1.9149999999998992
916,10,0.4537290371658269,1.9159999999998991
917,9,0.45795477524726586,1.916999999999899
918,16,0.4640689364410446,1.917999999999899
919,11,0.4683133347273312,1.9189999999998988
920,9,0.47243295062143154,1.9199999999998987
921,8,0.47952489514500096,1.9209999999998986
922,14,0.4744997560211165,1.9219999999998985
923,13,0.47902301460482727,1.9229999999998983
924,10,0.4838650131622034,1.9239999999998982
925,9,0.4894535465784398,1.9249999999998981
926,8,0.4901536484038844,1.925999999999898
927,14,0.47412442264891447,1.926999999999898
928,10,0.4820779313638835,1.9279999999998978
929,9,0.4894535465784398,1.9289999999998977
930,8,0.47534046131466057,1.9299999999998976
931,16,0.4737734752452738,1.9309999999998975
932,14,0.47757715319481775,1.9319999999998974
933,10,0.48459920560874536,1.9329999999998972
934,8,0.4791488875220914,1.9339999999998971
935,7,0.48821338653483626,1.934999999999897
936,12,0.48894016229482856,1.935999999999897
937,9,0.49393026354768277,1.9369999999998968
938,7,0.48821338653483626,1.9379999999998967
939,12,0.48894016229482856,1.9389999999998966
940,11,0.48940265596027815,1.9399999999998965
941,20,0.48832557949986366,1.9409999999998964
942,17,0.4942902534627494,1.9419999999998963
943,16,0.4875360050111292,1.9429999999998961
944,14,0.4795975085367507,1.943999999999896
945,20,0.4819427786854811,1.944999999999896
946,18,0.47361737711053437,1.9459999999998958
947,13,0.4924736432441915,1.9469999999998957
948,11,0.4997614747745979,1.9479999999998956
949,18,0.5067805900241298,1.9489999999998955
950,17,0.5081292875564385,1.9499999999998954
951,11,0.510524730902472,1.9509999999998953
952,9,0.5133927501023313,1.9519999999998952
953,16,0.503937300920919,1.952999999999895
954,15,0.4973759057364021,1.953999999999895
955,12,0.48520652720116925,1.9549999999998948
956,10,0.4863770852682913,1.9559999999998947
957,18,0.48099859335270106,1.9569999999998946
958,16,0.48064182602492833,1.9579999999998945
959,12,0.44614160582934165,1.9589999999998944
960,10,0.4556744395668704,1.9599999999998943
961,9,0.4630724297894109,1.9609999999998942
962,16,0.4675555311138689,1.961999999999894
963,11,0.47210553103888836,1.962999999999894
964,9,0.47578894336212685,1.9639999999998938
965,16,0.4668393252947842,1.9649999999998937
966,15,0.4657050981827776,1.9659999999998936
967,28,0.4626901985987039,1.9669999999998935
968,23,0.457048410232905,1.9679999999998934
969,21,0.46803278974474666,1.9689999999998933
970,18,0.46913104267052574,1.9699999999998932
971,30,0.46687343124386654,1.970999999999893
972,27,0.46736860613026654,1.971999999999893
973,18,0.45749828030755463,1.9729999999998928
974,14,0.46482918197211426,1.9739999999998927
975,12,0.4577965722826567,1.9749999999998926
976,20,0.46772587206341265,1.9759999999998925
977,14,0.471868966698651,1.9769999999998924
978,11,0.47444681472566524,1.9779999999998923
979,9,0.4764629103411245,1.9789999999998922
980,16,0.4873842081882643,1.979999999999892
981,15,0.48715685797962055,1.980999999999892
982,11,0.47117768380027614,1.9819999999998918
983,9,0.46321164906503537,1.9829999999998917
984,8,0.46771215279894646,1.9839999999998916
985,14,0.4654063557738127,1.9849999999998915
986,10,0.4579119656341673,1.9859999999998914
987,10,0.4492021963275513,1.9869999999998913
988,9,0.45164603823130745,1.9879999999998912
989,9,0.45164603823130745,1.988999999999891
990,18,0.4525765633614625,1.989999999999891
991,13,0.44846512165717617,1.9909999999998909
992,10,0.4539223995903329,1.9919999999998907
993,9,0.4472131870714914,1.9929999999998906
994,18,0.4472131870714914,1.9939999999998905
995,16,0.4526792196013604,1.9949999999998904
996,11,0.4487253668010956,1.9959999999998903
997,9,0.4524848964850931,1.9969999999998902
998,16,0.4592257532134594,1.99799999999989
999,15,0.46452332112960126,1.99899999999989
1000,11,0.45824759750960325,1.9999999999998899
1001,9,0.464123178462158,2.0009999999998898
1002,16,0.4687376233707094,2.0019999999998896
1003,14,0.47347409165721893,2.0029999999998895
1004,11,0.48094266480351705,2.0039999999998894
1005,10,0.4748713071490497,2.0049999999998893
1006,9,0.4704897510256211,2.005999999999889
1007,16,0.47108979827969905,2.006999999999889
1008,11,0.4727597015989078,2.007999999999889
1009,9,0.45744935943240045,2.008999999999889
1010,8,0.45913589541938316,2.0099999999998888
1011,8,0.45913589541938316,2.0109999999998887
1012,16,0.4629704762819879,2.0119999999998885
1013,11,0.45752843337097937,2.0129999999998884
1014,9,0.4624053418167207,2.0139999999998883
1015,16,0.4668050571445925,2.014999999999888
1016,15,0.46832825618512947,2.015999999999888
1017,28,0.4627205715364952,2.016999999999888
1018,22,0.463160368123693,2.017999999999888
1019,19,0.46793733748827554,2.0189999999998878
1020,17,0.47272906905233775,2.0199999999998877
1021,13,0.4692057819546266,2.0209999999998876
1022,11,0.47163279763195304,2.0219999999998874
1023,14,0.4835500551216465,2.0229999999998873
1024,11,0.4869754686942439,2.0239999999998872
1025,8,0.476507250630659,2.024999999999887
1026,7,0.47536446182576536,2.025999999999887
1027,12,0.48339060226443514,2.026999999999887
1028,11,0.4832891322643915,2.027999999999887
1029,9,0.4875240679007616,2.0289999999998867
1030,8,0.476507250630659,2.0299999999998866
1031,7,0.47536446182576536,2.0309999999998865
1032,12,0.48339060226443514,2.0319999999998863
1033,9,0.4792571366281087,2.0329999999998862
1034,9,0.47475161432495583,2.033999999999886
1035,7,0.4777572407318784,2.034999999999886
1036,12,0.4814142245235333,2.035999999999886
1037,11,0.486342097735332,2.036999999999886
1038,10,0.47335547682986945,2.0379999999998857
1039,9,0.4721164440037534,2.0389999999998856
1040,8,0.47563636556215527,2.0399999999998855
1041,16,0.47563636556215527,2.0409999999998854
1042,12,0.4746559410688039,2.0419999999998852
1043,9,0.48674994783986925,2.042999999999885
1044,7,0.48016197899438623,2.043999999999885
1045,12,0.4861961302373608,2.044999999999885
1046,11,0.49003604466470835,2.045999999999885
1047,10,0.4831487337593002,2.0469999999998847
1048,9,0.47662196630690634,2.0479999999998846
1049,8,0.4807050781532023,2.0489999999998845
1050,14,0.48016197899438623,2.0499999999998844
1051,10,0.47335547682986945,2.0509999999998842
1052,8,0.47563636556215527,2.051999999999884
1053,7,0.46617161195234236,2.052999999999884
1054,7,0.46617161195234236,2.053999999999884
1055,14,0.4702804562143979,2.054999999999884
1056,9,0.46576553267393983,2.0559999999998837
1057,7,0.47199652157034017,2.0569999999998836
1058,12,0.47946133863310575,2.0579999999998835
1059,11,0.4826889992782482,2.0589999999998834
1060,20,0.48541952235872793,2.0599999999998833
1061,17,0.47683496923025726,2.060999999999883
1062,16,0.4774023223120156,2.061999999999883
1063,28,0.48331209577284445,2.062999999999883
1064,24,0.4922192789188708,2.063999999999883
1065,21,0.49198899864124207,2.0649999999998827
1066,16,0.48439264735865917,2.0659999999998826
1067,26,0.4855046683339604,2.0669999999998825
1068,23,0.4916521571485282,2.0679999999998824
1069,16,0.49095926937239537,2.0689999999998823
1070,12,0.48887453510273066,2.069999999999882
1071,10,0.4789354923965872,2.070999999999882
1072,18,0.4828219836032593,2.071999999999882
1073,13,0.4728178573005388,2.072999999999882
1074,11,0.4757556359547646,2.0739999999998817
1075,9,0.4617969442483905,2.0749999999998816
1076,16,0.4640269283373721,2.0759999999998815
1077,15,0.465364918790761,2.0769999999998814
1078,12,0.4754671698564998,2.0779999999998813
1079,9,0.4752951849019674,2.078999999999881
1080,8,0.46720267912881164,2.079999999999881
1081,14,0.46097781163953694,2.080999999999881
1082,10,0.46133803819513686,2.081999999999881
1083,9,0.46326925671275887,2.0829999999998807
1084,16,0.4656832798597865,2.0839999999998806
1085,14,0.4550615725415827,2.0849999999998805
1086,13,0.4559157649265861,2.0859999999998804
1087,18,0.46202506174816615,2.0869999999998803
1088,15,0.4621752078614909,2.08799999999988
1089,14,0.46166178857530776,2.08899999999988
1090,22,0.4647800729709716,2.08999999999988
1091,18,0.4617716874954056,2.09099999999988
1092,16,0.4607515283068257,2.0919999999998797
1093,12,0.46153935791589823,2.0929999999998796
1094,18,0.4535023841881391,2.0939999999998795
1095,16,0.45270070096762327,2.0949999999998794
1096,11,0.45263608604101646,2.0959999999998793
1097,9,0.4545647559309005,2.096999999999879
1098,16,0.4562476671748409,2.097999999999879
1099,15,0.45439773621461405,2.098999999999879
1100,11,0.4470286361731688,2.099999999999879
1101,9,0.4504332054326178,2.1009999999998787
1102,8,0.4512427221696277,2.1019999999998786
1103,14,0.45228352940292627,2.1029999999998785
1104,10,0.4593934079980774,2.1039999999998784
1105,10,0.4497855920430099,2.1049999999998783
1106,9,0.4504332054326178,2.105999999999878
1107,16,0.45124272216962774,2.106999999999878
1108,15,0.4531712581121417,2.107999999999878
1109,12,0.4562690833058159,2.108999999999878
1110,9,0.46069037673525975,2.1099999999998778
1111,8,0.4507722699412656,2.1109999999998776
1112,14,0.4469588379587777,2.1119999999998775
1113,10,0.4388372891283221,2.1129999999998774
1114,8,0.43755734352626796,2.1139999999998773
1115,7,0.4421718062041859,2.114999999999877
1116,7,0.4421718062041859,2.115999999999877
1117,14,0.4421718062041859,2.116999999999877
1118,9,0.4425685318335975,2.117999999999877
1119,7,0.4421718062041859,2.1189999999998768
1120,12,0.4483244231080765,2.1199999999998766
1121,11,0.4487214550691255,2.1209999999998765
1122,20,0.44919789342238403,2.1219999999998764
1123,17,0.45029072114089574,2.1229999999998763
1124,15,0.44919789342238414,2.123999999999876
1125,14,0.4495722378428017,2.124999999999876
1126,22,0.45136324734061534,2.125999999999876
1127,19,0.45100318483671215,2.126999999999876
1128,13,0.45000417371251417,2.1279999999998758
1129,10,0.4489123328666678,2.1289999999998757
1130,9,0.44623406023819445,2.1299999999998755
1131,16,0.44687563452054674,2.1309999999998754
1132,11,0.44582006229243887,2.1319999999998753
1133,9,0.4465513497445458,2.132999999999875
1134,16,0.4451002591671901,2.133999999999875
1135,15,0.4451764716759002,2.134999999999875
1136,28,0.44381183465354684,2.135999999999875
1137,23,0.44264095231249534,2.1369999999998748
1138,20,0.4425863147067469,2.1379999999998747
1139,18,0.4408195797819707,2.1389999999998746
1140,13,0.4402718380818666,2.1399999999998744
1141,22,0.4443609372971391,2.1409999999998743
1142,16,0.4428746301180377,2.1419999999998742
1143,12,0.4379084976105692,2.142999999999874
1144,10,0.43698434338109154,2.143999999999874
1145,9,0.44703855672071163,2.144999999999874
1146,9,0.44703855672071163,2.145999999999874
1147,10,0.4302768848914108,2.1469999999998737
1148,7,0.42441394775778474,2.1479999999998736
1149,6,0.4374002018299971,2.1489999999998735
1150,10,0.4388289113568917,2.1499999999998733
1151,9,0.4382591157813754,2.1509999999998732
1152,18,0.43825911578137544,2.151999999999873
1153,15,0.4340409215359722,2.152999999999873
1154,13,0.43251535999742347,2.153999999999873
1155,22,0.42309315863302943,2.154999999999873
1156,19,0.4249283643962663,2.1559999999998727
1157,17,0.422689692967999,2.1569999999998726
1158,24,0.4205233949630123,2.1579999999998725
1159,20,0.41583665964830707,2.1589999999998724
1160,18,0.4127121694385036,2.1599999999998722
1161,13,0.4148290125292814,2.160999999999872
1162,20,0.4255827244695099,2.161999999999872
1163,17,0.42511226055126267,2.162999999999872
1164,12,0.41583364502163356,2.163999999999872
1165,10,0.4409564892203671,2.1649999999998717
1166,9,0.44062309118523696,2.1659999999998716
1167,16,0.43917314362724713,2.1669999999998715
1168,11,0.41616590737007864,2.1679999999998714
1169,9,0.4152262213987414,2.1689999999998713
1170,8,0.4116348651315167,2.169999999999871
1171,14,0.42094035681823183,2.170999999999871
1172,13,0.419169840301439,2.171999999999871
1173,10,0.41676722029302377,2.172999999999871
1174,9,0.415582925735437,2.1739999999998707
1175,8,0.4179268018341597,2.1749999999998706
1176,14,0.41420819187667707,2.1759999999998705
1177,10,0.41370782485645874,2.1769999999998704
1178,10,0.4089953093973704,2.1779999999998703
1179,9,0.410346797447561,2.17899999999987
1180,16,0.4024785830593891,2.17999999999987
1181,14,0.39991916717628806,2.18099999999987
1182,11,0.4025558298987784,2.18199999999987
1183,9,0.40382781055502803,2.1829999999998697
1184,16,0.3988116529323394,2.1839999999998696
1185,15,0.3989436353314517,2.1849999999998695
1186,10,0.40032052842737614,2.1859999999998694
1187,8,0.3973684370021003,2.1869999999998693
1188,14,0.3963500253820576,2.187999999999869
1189,13,0.39631295680024237,2.188999999999869
1190,9,0.3930396839205713,2.189999999999869
1191,7,0.3875856238611691,2.190999999999869
1192,12,0.38796886292074023,2.1919999999998687
1193,11,0.38716313073665704,2.1929999999998686
1194,9,0.3862973701837588,2.1939999999998685
1195,8,0.3838926897243258,2.1949999999998684
1196,7,0.3820442286927074,2.1959999999998683
1197,12,0.38796886292074023,2.196999999999868
1198,9,0.3896403556577214,2.197999999999868
1199,9,0.39092321426237836,2.198999999999868
1200,8,0.39018462642696883,2.199999999999868
1201,16,0.39018462642696894,2.2009999999998677
1202,14,0.38923501349572803,2.2019999999998676
1203,11,0.3909479122555275,2.2029999999998675
1204,9,0.3896403556577214,2.2039999999998674
1205,16,0.3918365768426914,2.2049999999998673
1206,15,0.3915035541691605,2.205999999999867
1207,10,0.39502749488721883,2.206999999999867
1208,8,0.39457638937260986,2.207999999999867
1209,14,0.39301090016023654,2.208999999999867
1210,13,0.39068380604969977,2.2099999999998667
1211,10,0.38912365583374753,2.2109999999998666
1212,8,0.3828048276101297,2.2119999999998665
1213,7,0.3808009577050547,2.2129999999998664
1214,12,0.3865183801018121,2.2139999999998663
1215,9,0.38867336711176936,2.214999999999866
1216,9,0.3899562257164263,2.215999999999866
1217,7,0.38799174250807533,2.216999999999866
1218,12,0.386518380101812,2.217999999999866
1219,11,0.3855807858432809,2.2189999999998657
1220,10,0.38561024547723466,2.2199999999998656
1221,9,0.3899562257164263,2.2209999999998655
1222,8,0.38909676431277274,2.2219999999998654
1223,14,0.39017177597194996,2.2229999999998653
1224,10,0.3886622923266591,2.223999999999865
1225,8,0.38661988617191023,2.224999999999865
1226,7,0.3923518094358246,2.225999999999865
1227,7,0.3923518094358246,2.226999999999865
1228,14,0.3923518094358246,2.2279999999998648
1229,9,0.39334738888245346,2.2289999999998646
1230,7,0.39235180943582454,2.2299999999998645
1231,12,0.39999437378771024,2.2309999999998644
1232,11,0.4002818698642607,2.2319999999998643
1233,20,0.4017814379003126,2.232999999999864
1234,17,0.40085956109853194,2.233999999999864
1235,30,0.3991292846200796,2.234999999999864
1236,27,0.3986817795078923,2.235999999999864
1237,22,0.39910220281749176,2.2369999999998638
1238,19,0.3978543285607163,2.2379999999998637
1239,26,0.3977547482591737,2.2389999999998635
1240,23,0.4004491092862167,2.2399999999998634
1241,17,0.3975376114795223,2.2409999999998633
1242,26,0.39300949119317263,2.241999999999863
1243,23,0.39251091392110976,2.242999999999863
1244,21,0.3920627192499321,2.243999999999863
1245,30,0.3881203422720266,2.244999999999863
1246,25,0.3868398564349774,2.2459999999998628
1247,23,0.38597098160796206,2.2469999999998627
1248,17,0.3785896712717859,2.2479999999998626
1249,26,0.38478343536572707,2.2489999999998624
1250,23,0.38711286290641805,2.2499999999998623
1251,17,0.3900109711996638,2.2509999999998622
1252,15,0.38910151176686497,2.251999999999862
1253,13,0.3879122186624358,2.252999999999862
1254,22,0.3883896785094709,2.253999999999862
1255,16,0.3880041057995803,2.254999999999862
1256,13,0.3986382273757764,2.2559999999998617
1257,11,0.391449934247343,2.2569999999998616
1258,18,0.39025393809216263,2.2579999999998615
1259,16,0.38943169073547607,2.2589999999998613
1260,12,0.384421576290896,2.2599999999998612
1261,9,0.3902539380921625,2.260999999999861
1262,16,0.38358336659784636,2.261999999999861
1263,15,0.38270012990799246,2.262999999999861
1264,10,0.3815544173573042,2.263999999999861
1265,8,0.3777350424602166,2.2649999999998607
1266,14,0.36957556438916367,2.2659999999998606
1267,13,0.36747892188481823,2.2669999999998605
1268,10,0.36764525118413466,2.2679999999998603
1269,8,0.3682301744572335,2.2689999999998602
1270,7,0.36414421124460183,2.26999999999986
1271,12,0.37364997332370553,2.27099999999986
1272,9,0.37292851630614804,2.27199999999986
1273,9,0.3667615039001539,2.27299999999986
1274,7,0.3690326636048486,2.2739999999998597
1275,12,0.36439945471471424,2.2749999999998596
1276,11,0.3664967864804421,2.2759999999998595
1277,10,0.36216465080231747,2.2769999999998594
1278,9,0.3583127323419466,2.2779999999998592
1279,8,0.36300270226946624,2.278999999999859
1280,14,0.35816995731572504,2.279999999999859
1281,10,0.36216465080231747,2.280999999999859
1282,9,0.3583127323419466,2.281999999999859
1283,8,0.3534978342664831,2.2829999999998587
1284,16,0.3534978342664832,2.2839999999998586
1285,14,0.35816995731572504,2.2849999999998585
1286,10,0.360866028170714,2.2859999999998584
1287,8,0.3613794239799619,2.2869999999998583
1288,14,0.3496103461029326,2.287999999999858
1289,13,0.3459779175765694,2.288999999999858
1290,10,0.3438759233336251,2.289999999999858
1291,8,0.34014179293360075,2.290999999999858
1292,7,0.3429059100781452,2.2919999999998577
1293,12,0.3339182422668936,2.2929999999998576
1294,9,0.3295431524851924,2.2939999999998575
1295,9,0.32109438092698517,2.2949999999998574
1296,7,0.32118049749989813,2.2959999999998573
1297,12,0.32999388702480253,2.296999999999857
1298,11,0.33083033376144005,2.297999999999857
1299,9,0.32461208683426623,2.298999999999857
1300,8,0.3342552600704642,2.299999999999857
1301,14,0.33617844394884633,2.3009999999998567
1302,12,0.3376017977042753,2.3019999999998566
1303,9,0.33323477918590044,2.3029999999998565
1304,7,0.32374744838226455,2.3039999999998564
1305,12,0.3364609062885282,2.3049999999998563
1306,11,0.3378852638673226,2.305999999999856
1307,8,0.3420487909498267,2.306999999999856
1308,7,0.33422263009327985,2.307999999999856
1309,12,0.3364609062885282,2.308999999999856
1310,11,0.32958572494426147,2.3099999999998557
1311,9,0.3295431524851924,2.3109999999998556
1312,8,0.3211320569276346,2.3119999999998555
1313,7,0.32118049749989813,2.3129999999998554
1314,12,0.32124508492958276,2.3139999999998553
1315,9,0.3129470173739732,2.314999999999855
1316,8,0.3211320569276346,2.315999999999855
1317,14,0.32118049749989813,2.316999999999855
1318,12,0.32735560759434174,2.317999999999855
1319,11,0.3279522107463919,2.3189999999998547
1320,18,0.3210943809269852,2.3199999999998546
1321,15,0.32115466252802427,2.3209999999998545
1322,13,0.3212103070828295,2.3219999999998544
1323,20,0.31373161292875495,2.3229999999998543
1324,18,0.31702069915047926,2.323999999999854
1325,16,0.3165491649290654,2.324999999999854
1326,24,0.32124508492958287,2.325999999999854
1327,20,0.31753356012994816,2.326999999999854
1328,18,0.3087226315948696,2.3279999999998537
1329,13,0.30408019262297714,2.3289999999998536
1330,20,0.2990663585333334,2.3299999999998535
1331,18,0.30072597204445534,2.3309999999998534
1332,13,0.2927992277034222,2.3319999999998533
1333,11,0.30770753002111195,2.332999999999853
1334,9,0.31294701737397324,2.333999999999853
1335,16,0.31196627293049617,2.334999999999853
1336,12,0.302461404927513,2.335999999999853
1337,10,0.29879509132865767,2.3369999999998528
1338,9,0.304498245815766,2.3379999999998526
1339,16,0.30122431733753285,2.3389999999998525
1340,15,0.29991974029858237,2.3399999999998524
1341,10,0.29681575118468934,2.3409999999998523
1342,8,0.29998722974755265,2.341999999999852
1343,7,0.29701498072266164,2.342999999999852
1344,14,0.2970149807226616,2.343999999999852
1345,10,0.2875037838430103,2.344999999999852
1346,8,0.28834727057045384,2.3459999999998518
1347,7,0.28653979901164633,2.3469999999998516
1348,12,0.29529444678581246,2.3479999999998515
1349,11,0.29297639895526906,2.3489999999998514
1350,10,0.2848414545048745,2.3499999999998513
1351,8,0.2941851428949226,2.350999999999851
1352,14,0.29038402431965576,2.351999999999851
1353,13,0.28749747629515443,2.352999999999851
1354,10,0.28412983693323624,2.353999999999851
1355,9,0.2800561551567302,2.3549999999998508
1356,8,0.2841298369332362,2.3559999999998507
1357,14,0.27934135871363985,2.3569999999998505
1358,10,0.28475859462351216,2.3579999999998504
1359,8,0.2849157840460811,2.3589999999998503
1360,7,0.27979047134955126,2.35999999999985
1361,14,0.2797904713495512,2.36099999999985
1362,12,0.28465380167513277,2.36199999999985
1363,9,0.2882035187097422,2.36299999999985
1364,7,0.28936742778874386,2.3639999999998498
1365,12,0.2841298369332362,2.3649999999998497
1366,11,0.28746284929583193,2.3659999999998496
1367,9,0.2800561551567302,2.3669999999998494
1368,8,0.27496405293609777,2.3679999999998493
1369,14,0.2788922460777285,2.3689999999998492
1370,12,0.2841298369332362,2.369999999999849
1371,9,0.2719087916037183,2.370999999999849
1372,9,0.2676829768868114,2.371999999999849
1373,8,0.27021001137957756,2.372999999999849
1374,14,0.27345905572741974,2.3739999999998487
1375,10,0.27652337044280395,2.3749999999998486
1376,8,0.2837875378173343,2.3759999999998485
1377,7,0.27850104708812634,2.3769999999998483
1378,14,0.2785010470881263,2.3779999999998482
1379,13,0.27524782202399833,2.378999999999848
1380,9,0.27552607455902167,2.379999999999848
1381,7,0.27850104708812634,2.380999999999848
1382,12,0.2714523927825157,2.381999999999848
1383,11,0.2704243702655055,2.3829999999998477
1384,9,0.26737871100600974,2.3839999999998476
1385,8,0.2698677122636757,2.3849999999998475
1386,7,0.268025865377111,2.3859999999998474
1387,12,0.2714523927825157,2.3869999999998472
1388,9,0.26737871100600974,2.387999999999847
1389,8,0.2698677122636757,2.388999999999847
1390,14,0.2730678567378176,2.389999999999847
1391,12,0.2714523927825157,2.390999999999847
1392,22,0.2707581109616275,2.3919999999998467
1393,18,0.27397320543622944,2.3929999999998466
1394,16,0.2727036264991037,2.3939999999998465
1395,28,0.2685503150424456,2.3949999999998464
1396,23,0.27159919030174434,2.3959999999998463
1397,19,0.2691052853754943,2.396999999999846
1398,14,0.2658337198672914,2.397999999999846
1399,24,0.26296164634759583,2.398999999999846
1400,21,0.26349454618968127,2.399999999999846
1401,16,0.2612555911526973,2.4009999999998457
1402,14,0.2632254326109852,2.4019999999998456
1403,12,0.2599695646345446,2.4029999999998455
1404,20,0.26244782593971433,2.4039999999998454
1405,14,0.2709521456714138,2.4049999999998453
1406,11,0.27094018704689576,2.405999999999845
1407,18,0.27061015157170853,2.406999999999845
1408,17,0.2761956463799591,2.407999999999845
1409,32,0.2779912054696638,2.408999999999845
1410,26,0.28165028872133335,2.4099999999998447
1411,22,0.28260468971152036,2.4109999999998446
1412,19,0.2824359399640709,2.4119999999998445
1413,32,0.2758519260791806,2.4129999999998444
1414,28,0.27362040577808466,2.4139999999998443
1415,19,0.2682531815648403,2.414999999999844
1416,15,0.2668486758731861,2.415999999999844
1417,13,0.26440068131988725,2.416999999999844
1418,22,0.25363835494167186,2.417999999999844
1419,16,0.2572103919805177,2.4189999999998437
1420,13,0.268546101410074,2.4199999999998436
1421,11,0.26250415499450397,2.4209999999998435
1422,9,0.2650300008594992,2.4219999999998434
1423,16,0.26490772960293524,2.4229999999998433
1424,12,0.2548270631541035,2.423999999999843
1425,10,0.2782306918343892,2.424999999999843
1426,9,0.27772736420825145,2.425999999999843
1427,18,0.2777273642082514,2.426999999999843
1428,16,0.27100296713925726,2.4279999999998427
1429,12,0.28807300177761236,2.4289999999998426
1430,9,0.27772736420825145,2.4299999999998425
1431,7,0.27085609492612067,2.4309999999998424
1432,12,0.24571633153212993,2.4319999999998423
1433,9,0.24431706447075832,2.432999999999842
1434,9,0.2217739600662247,2.433999999999842
1435,8,0.23807111478751875,2.434999999999842
1436,14,0.21775492532133836,2.435999999999842
1437,13,0.2127544856945468,2.4369999999998417
1438,10,0.1887947581441824,2.4379999999998416
1439,9,0.1770736577227943,2.4389999999998415
1440,8,0.18778327465115952,2.4399999999998414
1441,14,0.17211460351958027,2.4409999999998413
1442,10,0.16818803311654826,2.441999999999841
1443,8,0.18738586082171715,2.442999999999841
1444,14,0.17211460351958027,2.443999999999841
1445,13,0.1627169067182653,2.444999999999841
1446,24,0.1615914972972184,2.4459999999998407
1447,19,0.1546061747376769,2.4469999999998406
1448,18,0.14705891211341846,2.4479999999998405
1449,16,0.15401668584061168,2.4489999999998404
1450,24,0.1435786519711302,2.4499999999998403
1451,21,0.13616940586294699,2.45099999999984
1452,15,0.12468137473372337,2.45199999999984
1453,13,0.11095631117684981,2.45299999999984
1454,10,0.1254222280470723,2.45399999999984
1455,18,0.1338949377939729,2.4549999999998398
1456,13,0.12406693933078101,2.4559999999998396
1457,12,0.1267894574170234,2.4569999999998395
1458,10,0.1166169478782437,2.4579999999998394
1459,18,0.11796885585335552,2.4589999999998393
1460,17,0.1191037438275979,2.459999999999839
1461,12,0.12323790676029613,2.460999999999839
1462,18,0.11570973454205252,2.461999999999839
1463,17,0.11713991173300428,2.462999999999839
1464,32,0.11119288680429128,2.4639999999998388
1465,26,0.11020488017837236,2.4649999999998387
1466,22,0.11362454524791775,2.4659999999998385
1467,19,0.1043922834628137,2.4669999999998384
1468,14,0.09975555832605187,2.4679999999998383
1469,24,0.10114869766441505,2.468999999999838
1470,17,0.1009530692505825,2.469999999999838
1471,13,0.09783045758928936,2.470999999999838
1472,11,0.10203524087973709,2.471999999999838
1473,9,0.09935111236420048,2.4729999999998378
1474,16,0.10034541112274147,2.4739999999998377
1475,11,0.09127980065091784,2.4749999999998376
1476,9,0.08947053986795073,2.4759999999998374
1477,8,0.08922976706446048,2.4769999999998373
1478,14,0.08406409949442953,2.477999999999837
1479,13,0.0766596552430687,2.478999999999837
1480,9,0.073819308287166,2.479999999999837
1481,8,0.08073158762475935,2.480999999999837
1482,14,0.07920799695745746,2.481999999999837
1483,13,0.08350005158662621,2.4829999999998367
1484,10,0.09336208018128622,2.4839999999998366
1485,9,0.08369988078341575,2.4849999999998365
1486,16,0.09184723168304033,2.4859999999998363
1487,15,0.09640962801002545,2.4869999999998362
1488,12,0.10785537927809193,2.487999999999836
1489,9,0.11101496305564959,2.488999999999836
1490,8,0.10235159909234073,2.489999999999836
1491,14,0.11432738845032954,2.490999999999836
1492,10,0.10571462441886273,2.4919999999998357
1493,9,0.11101496305564959,2.4929999999998356
1494,16,0.12257669923930341,2.4939999999998355
1495,14,0.11432738845032954,2.4949999999998353
1496,13,0.11609128584682622,2.4959999999998352
1497,18,0.12899282985294974,2.496999999999835
1498,15,0.12465536436886546,2.497999999999835
1499,13,0.12977207853394127,2.498999999999835
1500,18,0.1252833692298284,2.499999999999835
1501,15,0.12242968799499267,2.5009999999998347
1502,14,0.12985173188131935,2.5019999999998346
1503,22,0.12370911350506188,2.5029999999998345
1504,18,0.11606878614050714,2.5039999999998344
1505,16,0.11359497209194597,2.5049999999998342
1506,11,0.10909284353732493,2.505999999999834
1507,18,0.1167347755474356,2.506999999999834
1508,16,0.12407517540489243,2.507999999999834
1509,11,0.13008951811126657,2.508999999999834
1510,10,0.13532451527633807,2.5099999999998337
1511,9,0.13032480866680665,2.5109999999998336
1512,16,0.1472739835774617,2.5119999999998335
1513,12,0.15715184931940457,2.5129999999998334
1514,11,0.15504548337006677,2.5139999999998333
1515,9,0.1494285075051659,2.514999999999833
1516,16,0.15334545311303738,2.515999999999833
1517,14,0.1494916785917398,2.516999999999833
1518,11,0.16387671178544957,2.517999999999833
1519,9,0.16173969510566943,2.5189999999998327
1520,16,0.15941692264861307,2.5199999999998326
1521,15,0.1688099792527593,2.5209999999998325
1522,10,0.1784122756053526,2.5219999999998324
1523,8,0.17793487581616063,2.5229999999998323
1524,14,0.17954490108606933,2.523999999999832
1525,13,0.17948513388021928,2.524999999999832
1526,10,0.16951976035872782,2.525999999999832
1527,8,0.17793487581616063,2.526999999999832
1528,7,0.17759387596673779,2.5279999999998317
1529,12,0.1772931243144171,2.5289999999998316
1530,9,0.19051128552177085,2.5299999999998315
1531,9,0.19051128552177082,2.5309999999998314
1532,7,0.19342254573881376,2.5319999999998313
1533,12,0.17941540547339418,2.532999999999831
1534,11,0.17933299917441908,2.533999999999831
1535,10,0.16950404600874808,2.534999999999831
1536,9,0.1698195290178534,2.535999999999831
1537,7,0.16681885880520575,2.5369999999998307
1538,12,0.16456835614571994,2.5379999999998306
1539,9,0.1682846046472847,2.5389999999998305
1540,9,0.16980206862898706,2.5399999999998304
1541,7,0.17952245201466968,2.5409999999998303
1542,12,0.17938921489009454,2.54199999999983
1543,11,0.18740281817136906,2.54299999999983
1544,10,0.18947663009582602,2.54399999999983
1545,9,0.1797001015141032,2.54499999999983
1546,7,0.17952245201466968,2.5459999999998297
1547,12,0.19423626421776877,2.5469999999998296
1548,9,0.2019093219997229,2.5479999999998295
1549,9,0.19111559838092168,2.5489999999998294
1550,7,0.19419951941486488,2.5499999999998293
1551,12,0.19651246019032229,2.550999999999829
1552,11,0.1979843315928861,2.551999999999829
1553,10,0.19003622601904155,2.552999999999829
1554,9,0.19111559838092168,2.553999999999829
1555,7,0.19419951941486488,2.5549999999998287
1556,12,0.20108471761446137,2.5559999999998286
1557,9,0.19721194161310718,2.5569999999998285
1558,9,0.19721194161310718,2.5579999999998284
1559,8,0.19932319996948053,2.5589999999998283
1560,14,0.2011416037813237,2.559999999999828
1561,13,0.2027431213981855,2.560999999999828
1562,10,0.19426843522311704,2.561999999999828
1563,8,0.1977550753383662,2.562999999999828
1564,14,0.2002455325635441,2.5639999999998278
1565,13,0.19527054350824624,2.5649999999998276
1566,10,0.18580858367108738,2.5659999999998275
1567,9,0.18641821799430594,2.5669999999998274
1568,18,0.18641821799430586,2.5679999999998273
1569,16,0.1871802608983291,2.568999999999827
1570,12,0.18946638961039872,2.569999999999827
1571,9,0.18641821799430594,2.570999999999827
1572,16,0.1871802608983291,2.571999999999827
1573,15,0.1839796807014317,2.5729999999998268
1574,10,0.18032187476212044,2.5739999999998266
1575,8,0.18032187476212044,2.5749999999998265
1576,7,0.18032187476212044,2.5759999999998264
1577,12,0.18032187476212044,2.5769999999998263
1578,9,0.18032187476212044,2.577999999999826
1579,7,0.18032187476212044,2.578999999999826
1580,12,0.18032187476212044,2.579999999999826
1581,11,0.18032187476212044,2.580999999999826
1582,20,0.18802474636246563,2.5819999999998258
1583,17,0.1860396251202332,2.5829999999998257
1584,16,0.18639698451761524,2.5839999999998255
1585,28,0.1900710360733116,2.5849999999998254
1586,24,0.18764582312151354,2.5859999999998253
1587,20,0.1891106127933921,2.586999999999825
1588,15,0.1803218747621204,2.587999999999825
1589,24,0.18032187476212036,2.588999999999825
1590,21,0.18032187476212036,2.589999999999825
1591,15,0.1803218747621204,2.5909999999998248
1592,13,0.18032187476212042,2.5919999999998247
1593,11,0.18032187476212044,2.5929999999998246
1594,18,0.18032187476212036,2.5939999999998244
1595,13,0.18032187476212042,2.5949999999998243
1596,11,0.18032187476212044,2.5959999999998242
1597,9,0.18032187476212044,2.596999999999824
1598,8,0.18032187476212044,2.597999999999824
1599,8,0.18032187476212044,2.598999999999824
1600,10,0.18032187476212044,2.599999999999824
1601,8,0.18032187476212044,2.6009999999998237
1602,7,0.18032187476212044,2.6019999999998236
1603,6,0.18032187476212044,2.6029999999998235
1604,10,0.18032187476212044,2.6039999999998233
1605,9,0.18032187476212044,2.6049999999998232
1606,8,0.18032187476212044,2.605999999999823
1607,7,0.18032187476212044,2.606999999999823
1608,12,0.18032187476212044,2.607999999999823
1609,11,0.18032187476212044,2.608999999999823
1610,10,0.18032187476212044,2.6099999999998227
1611,9,0.18032187476212044,2.6109999999998226
1612,7,0.18032187476212044,2.6119999999998225
1613,12,0.17428390283850795,2.6129999999998224
1614,9,0.1722712455306371,2.6139999999998222
1615,9,0.1722712455306371,2.614999999999822
1616,7,0.16997106575021328,2.615999999999822
1617,12,0.17439721610481004,2.616999999999822
1618,11,0.17385861077232725,2.617999999999822
1619,9,0.17242232988570652,2.6189999999998217
1620,8,0.18049184466157353,2.6199999999998216
1621,14,0.17952037263474221,2.6209999999998215
1622,12,0.17938678894684587,2.6219999999998214
1623,9,0.17907509367508767,2.6229999999998213
1624,7,0.1681738101817962,2.623999999999821
1625,12,0.17822507659896714,2.624999999999821
1626,11,0.17803445858413502,2.625999999999821
1627,10,0.1775896924254443,2.626999999999821
1628,9,0.1853367458417414,2.6279999999998207
1629,16,0.19025061128323179,2.6289999999998206
1630,14,0.18754652873656852,2.6299999999998205
1631,10,0.1904363903263478,2.6309999999998204
1632,10,0.1962879018172283,2.6319999999998203
1633,9,0.19961085462052303,2.63299999999982
1634,16,0.19279504931795147,2.63399999999982
1635,12,0.2053141707892651,2.63499999999982
1636,10,0.1962879018172283,2.63599999999982
1637,9,0.19961085462052303,2.6369999999998197
1638,16,0.19427345465873885,2.6379999999998196
1639,15,0.19028253183324842,2.6389999999998195
1640,11,0.18900903708486202,2.6399999999998194
1641,9,0.19248846739819844,2.6409999999998193
1642,16,0.1957518599995263,2.641999999999819
1643,14,0.1940524609812943,2.642999999999819
1644,10,0.17953247988105508,2.643999999999819
1645,8,0.1810776996826068,2.644999999999819
1646,7,0.19153648368315487,2.6459999999998187
1647,12,0.19178659562365166,2.6469999999998186
1648,9,0.20257947211141722,2.6479999999998185
1649,7,0.20069383868328647,2.6489999999998184
1650,12,0.19997675295381057,2.6499999999998183
1651,11,0.20088047485505023,2.650999999999818
1652,20,0.1996254261878087,2.651999999999818
1653,17,0.1987369390237726,2.652999999999818
1654,17,0.19370189637409038,2.653999999999818
1655,16,0.19005969917046017,2.6549999999998177
1656,24,0.19528843749120095,2.6559999999998176
1657,21,0.1894326750551462,2.6569999999998175
1658,15,0.19205990753530275,2.6579999999998174
1659,11,0.179227323622748,2.6589999999998173
1660,9,0.17883300568115137,2.659999999999817
1661,16,0.16941996926115835,2.660999999999817
1662,11,0.167279534017744,2.661999999999817
1663,9,0.1577284722851681,2.662999999999817
1664,8,0.1639612548609678,2.6639999999998167
1665,14,0.16985406107167014,2.6649999999998166
1666,13,0.1734804033551793,2.6659999999998165
1667,10,0.19950600338265023,2.6669999999998164
1668,9,0.19343585964282295,2.6679999999998163
1669,8,0.1858481799680389,2.668999999999816
1670,14,0.18495831534648302,2.669999999999816
1671,10,0.18946502529557455,2.670999999999816
1672,8,0.19039369984189033,2.671999999999816
1673,14,0.18128747167057527,2.6729999999998157
1674,13,0.17568363894976607,2.6739999999998156
1675,24,0.18767320463186588,2.6749999999998155
1676,19,0.18768759204561877,2.6759999999998154
1677,18,0.1811408411312752,2.6769999999998153
1678,16,0.17522827235896696,2.677999999999815
1679,24,0.18410799805993425,2.678999999999815
1680,21,0.1824615239629607,2.679999999999815
1681,15,0.18298694103151664,2.680999999999815
1682,11,0.1703316955528059,2.6819999999998148
1683,9,0.1777112347571688,2.6829999999998146
1684,16,0.17912747327836787,2.6839999999998145
1685,11,0.17830951104858042,2.6849999999998144
1686,10,0.18899025688464258,2.6859999999998143
1687,9,0.1874618981408932,2.686999999999814
1688,16,0.17912747327836787,2.687999999999814
1689,15,0.17755293912503325,2.688999999999814
1690,11,0.1869348995849092,2.689999999999814
1691,9,0.1915023602509833,2.6909999999998138
1692,16,0.18367299315221924,2.6919999999998137
1693,15,0.17897537289296087,2.6929999999998135
1694,10,0.18385107573837173,2.6939999999998134
1695,8,0.1836729931522193,2.6949999999998133
1696,14,0.18338791820737219,2.695999999999813
1697,13,0.1779456582970858,2.696999999999813
1698,10,0.17777854191085768,2.697999999999813
1699,9,0.1855465786033118,2.698999999999813
1700,18,0.18875855232149738,2.6999999999998128
1701,16,0.18701018566438618,2.7009999999998127
1702,12,0.19270203843392156,2.7019999999998126
1703,10,0.19432976490410964,2.7029999999998124
1704,9,0.19197052603968304,2.7039999999998123
1705,16,0.190623656097345,2.704999999999812
1706,12,0.1826591940913599,2.705999999999812
1707,9,0.1840446878158645,2.706999999999812
1708,8,0.18170708809554914,2.707999999999812
1709,14,0.19225578472651747,2.708999999999812
1710,12,0.1935378478337735,2.7099999999998117
1711,9,0.18808514992595463,2.7109999999998116
1712,7,0.19745066458234772,2.7119999999998115
1713,12,0.19656819441634113,2.7129999999998113
1714,11,0.1960066224925188,2.7139999999998112
1715,10,0.19533273618393196,2.714999999999811
1716,9,0.18808514992595463,2.715999999999811
1717,16,0.20430205512530356,2.716999999999811
1718,14,0.2045244222034345,2.717999999999811
1719,11,0.20837901828047248,2.7189999999998107
1720,9,0.2096309144364915,2.7199999999998106
1721,16,0.20532577242405,2.7209999999998105
1722,14,0.20569438483057326,2.7219999999998103
1723,10,0.1994544441607194,2.7229999999998102
1724,8,0.21049159304375456,2.72399999999981
1725,7,0.21159817982452137,2.72499999999981
1726,12,0.2130736288655437,2.72599999999981
1727,9,0.19908877289208968,2.72699999999981
1728,7,0.21159817982452137,2.7279999999998097
1729,12,0.2130736288655437,2.7289999999998096
1730,11,0.20500958673753836,2.7299999999998095
1731,20,0.1994544441607194,2.7309999999998094
1732,17,0.2010538925559707,2.7319999999998092
1733,15,0.20082834681964853,2.732999999999809
1734,14,0.20069140833688145,2.733999999999809
1735,22,0.1997536297441437,2.734999999999809
1736,19,0.20427487744924303,2.735999999999809
1737,14,0.2074684993297112,2.7369999999998087
1738,11,0.20837901828047253,2.7379999999998086
1739,18,0.20662033877578162,2.7389999999998085
1740,17,0.2068482713168048,2.7399999999998084
1741,13,0.20651437616285143,2.7409999999998083
1742,9,0.19718581567870055,2.741999999999808
1743,16,0.19649085694123972,2.742999999999808
1744,15,0.1960738816987632,2.743999999999808
1745,12,0.2023125868871586,2.744999999999808
1746,9,0.19718581567870055,2.7459999999998077
1747,8,0.1964908569412397,2.7469999999998076
1748,14,0.18995520054799453,2.7479999999998075
1749,10,0.18035486205559378,2.7489999999998074
1750,8,0.17475720617489543,2.7499999999998073
1751,7,0.1843130625314847,2.750999999999807
1752,14,0.1843130625314847,2.751999999999807
1753,12,0.19233934986732726,2.752999999999807
1754,9,0.19266482545571842,2.753999999999807
1755,7,0.18978463684924168,2.7549999999998067
1756,12,0.20343770771098688,2.7559999999998066
1757,11,0.20350063699576867,2.7569999999998065
1758,9,0.19266482545571842,2.7579999999998064
1759,8,0.2032646521778369,2.7589999999998063
1760,14,0.20263509913681127,2.759999999999806
1761,12,0.20343770771098688,2.760999999999806
1762,9,0.2142105899662553,2.761999999999806
1763,9,0.20320696700012025,2.762999999999806
1764,8,0.2032646521778369,2.7639999999998057
1765,14,0.20886675400297464,2.7649999999998056
1766,10,0.21306407952746853,2.7659999999998055
1767,8,0.21564372801473886,2.7669999999998054
1768,7,0.20333881883490118,2.7679999999998053
1769,14,0.20333881883490118,2.768999999999805
1770,13,0.2106828655392189,2.769999999999805
1771,9,0.2032069670001203,2.770999999999805
1772,7,0.20333881883490118,2.771999999999805
1773,12,0.2192509200275896,2.7729999999998047
1774,11,0.21174844982340665,2.7739999999998046
1775,9,0.20274548557838706,2.7749999999998045
1776,8,0.20274548557838706,2.7759999999998044
1777,14,0.20274548557838704,2.7769999999998043
1778,12,0.20274548557838704,2.777999999999804
1779,9,0.20274548557838706,2.778999999999804
1780,9,0.20274548557838706,2.779999999999804
1781,8,0.20274548557838706,2.780999999999804
1782,14,0.20274548557838704,2.7819999999998037
1783,10,0.20274548557838706,2.7829999999998036
1784,10,0.20274548557838706,2.7839999999998035
1785,9,0.20274548557838706,2.7849999999998034
1786,16,0.20274548557838704,2.7859999999998033
1787,15,0.20274548557838704,2.786999999999803
1788,11,0.20274548557838704,2.787999999999803
1789,9,0.20274548557838706,2.788999999999803
1790,16,0.20274548557838704,2.789999999999803
1791,15,0.20274548557838704,2.7909999999998027
1792,10,0.20274548557838706,2.7919999999998026
1793,8,0.20274548557838706,2.7929999999998025
1794,14,0.20274548557838704,2.7939999999998024
1795,13,0.20274548557838704,2.7949999999998023
1796,10,0.20274548557838706,2.795999999999802
1797,9,0.20274548557838706,2.796999999999802
1798,16,0.20274548557838704,2.797999999999802
1799,14,0.20274548557838704,2.798999999999802
1800,11,0.20274548557838704,2.7999999999998018
1801,10,0.20274548557838706,2.8009999999998016
1802,8,0.20274548557838706,2.8019999999998015
1803,14,0.20274548557838704,2.8029999999998014
1804,10,0.20274548557838706,2.8039999999998013
1805,9,0.20274548557838706,2.804999999999801
1806,8,0.20274548557838706,2.805999999999801
1807,16,0.19730401957477256,2.806999999999801
1808,15,0.1969412551745316,2.807999999999801
1809,10,0.19403913997260389,2.8089999999998008
1810,8,0.1918625535711581,2.8099999999998007
1811,14,0.18454456900882382,2.8109999999998005
1812,13,0.18935110772333602,2.8119999999998004
1813,10,0.17662644876103756,2.8129999999998003
1814,8,0.17009668955670018,2.8139999999998
1815,7,0.17787021241900658,2.8149999999998
1816,12,0.16584517075556943,2.8159999999998
1817,9,0.1632187831543893,2.8169999999998
1818,9,0.1535450658146302,2.8179999999997998
1819,8,0.15827794535138956,2.8189999999997997
1820,14,0.14897450685174762,2.8199999999997996
1821,13,0.14483827771892918,2.8209999999997994
1822,11,0.12155511709363465,2.8219999999997993
1823,9,0.1333657980701506,2.8229999999997992
1824,16,0.12469333713162101,2.823999999999799
1825,15,0.13159742121519105,2.824999999999799
1826,11,0.12155511709363465,2.825999999999799
1827,9,0.113186530325671,2.826999999999799
1828,16,0.10199166091908146,2.8279999999997987
1829,15,0.1010789696789832,2.8289999999997986
1830,10,0.09527473927512775,2.8299999999997985
1831,8,0.10199166091908146,2.8309999999997983
1832,14,0.08759825739632351,2.8319999999997982
1833,13,0.09271104059003527,2.832999999999798
1834,10,0.07711339830509609,2.833999999999798
1835,9,0.08333354524143227,2.834999999999798
1836,16,0.07928998470654189,2.835999999999798
1837,14,0.08759825739632351,2.8369999999997977
1838,10,0.06765840294084761,2.8379999999997976
1839,10,0.06765840294084761,2.8389999999997975
1840,9,0.07282799483671173,2.8399999999997974
1841,16,0.05667800541518323,2.8409999999997972
1842,11,0.05632493614111477,2.841999999999797
1843,9,0.05364002135040407,2.842999999999797
1844,16,0.04968054173648319,2.843999999999797
1845,15,0.04528044255087838,2.844999999999797
1846,28,0.04972736488845436,2.8459999999997967
1847,23,0.0514449667617538,2.8469999999997966
1848,20,0.05618637672581015,2.8479999999997965
1849,18,0.051026410570623335,2.8489999999997964
1850,26,0.04128089596446663,2.8499999999997963
1851,23,0.04390900293225742,2.850999999999796
1852,17,0.030581634868992007,2.851999999999796
1853,14,0.04514542889431026,2.852999999999796
1854,12,0.03401320358865716,2.853999999999796
1855,20,0.03658942913077448,2.8549999999997957
1856,15,0.030535648807430593,2.8559999999997956
1857,12,0.03288654203977061,2.8569999999997955
1858,10,0.03523743527211062,2.8579999999997954
1859,18,0.03830691282551937,2.8589999999997953
1860,16,0.04129876360561537,2.859999999999795
1861,12,0.034013203588657163,2.860999999999795
1862,9,0.03980912822403477,2.861999999999795
1863,8,0.04214375976728029,2.862999999999795
1864,14,0.04514542889431026,2.8639999999997947
1865,10,0.05610276395946999,2.8649999999997946
1866,8,0.04214375976728029,2.8659999999997945
1867,7,0.04514542889431026,2.8669999999997944
1868,12,0.04914765439701688,2.8679999999997943
1869,11,0.03518421519871048,2.868999999999794
1870,10,0.037941422989438346,2.869999999999794
1871,8,0.04214375976728029,2.870999999999794
1872,14,0.04508418989119732,2.871999999999794
1873,13,0.04692666019989938,2.8729999999997937
1874,11,0.03510627464929403,2.8739999999997936
1875,9,0.03821165215401036,2.8749999999997935
1876,8,0.040346599188502835,2.8759999999997934
1877,14,0.049609672132144116,2.8769999999997933
1878,10,0.04292510426809999,2.877999999999793
1879,8,0.048373361365607354,2.878999999999793
1880,14,0.05419639337620384,2.879999999999793
1881,13,0.0567398024145218,2.880999999999793
1882,24,0.06266977832602827,2.8819999999997927
1883,19,0.06070758628214495,2.8829999999997926
1884,18,0.06290622574903798,2.8839999999997925
1885,16,0.0681279944829089,2.8849999999997924
1886,26,0.06315066839688707,2.8859999999997923
1887,23,0.057980477809186096,2.886999999999792
1888,17,0.05737107716799552,2.887999999999792
1889,14,0.06400665667942826,2.888999999999792
1890,11,0.07692880949676568,2.889999999999792
1891,18,0.06880202523045581,2.8909999999997917
1892,13,0.06811592012009247,2.8919999999997916
1893,11,0.054388422611953584,2.8929999999997915
1894,9,0.06729980983194041,2.8939999999997914
1895,16,0.08075684633259629,2.8949999999997913
1896,15,0.08473183102956466,2.895999999999791
1897,12,0.05735850719714666,2.896999999999791
1898,9,0.07469963312450952,2.897999999999791
1899,16,0.08105067285201525,2.898999999999791
1900,15,0.08402910520780406,2.8999999999997907
1901,12,0.04152497668230089,2.9009999999997906
1902,9,0.04236091582603465,2.9019999999997905
1903,18,0.042360915826034656,2.9029999999997904
1904,17,0.04653260002956874,2.9039999999997903
1905,12,0.040081956316554986,2.90499999999979
1906,9,0.04555669918422924,2.90599999999979
1907,16,0.05070549849497152,2.90699999999979
1908,15,0.055989712770239265,2.90799999999979
1909,11,0.04309165647614535,2.9089999999997898
1910,9,0.026273744435555694,2.9099999999997896
1911,8,0.028606445328571168,2.9109999999997895
1912,14,0.0296742123929284,2.9119999999997894
1913,10,0.025931794884854597,2.9129999999997893
1914,10,0.023055589862479457,2.913999999999789
1915,9,0.0194229988963402,2.914999999999789
1916,8,0.020899356596953737,2.915999999999789
1917,16,0.023280380254449576,2.916999999999789
1918,11,0.027572480527794117,2.9179999999997888
1919,9,0.026851713201194068,2.9189999999997887
1920,8,0.025661403911945414,2.9199999999997885
1921,8,0.025661403911945414,2.9209999999997884
1922,16,0.025661403911945414,2.9219999999997883
1923,11,0.031035787665969882,2.922999999999788
1924,9,0.026851713201194068,2.923999999999788
1925,8,0.025661403911945414,2.924999999999788
1926,14,0.028239870572018766,2.925999999999788
1927,13,0.029826619285910058,2.9269999999997878
1928,9,0.03624104330475609,2.9279999999997877
1929,7,0.04031186641945566,2.9289999999997876
1930,12,0.03167782611878324,2.9299999999997874
1931,11,0.03386561601217881,2.9309999999997873
1932,8,0.03981965655642161,2.931999999999787
1933,7,0.04031186641945566,2.932999999999787
1934,12,0.03167782611878324,2.933999999999787
1935,11,0.03386561601217881,2.934999999999787
1936,10,0.025164361768672545,2.935999999999787
1937,9,0.023655929842999468,2.9369999999997867
1938,8,0.025661403911945414,2.9379999999997866
1939,14,0.028239870572018766,2.9389999999997864
1940,10,0.02492775561021785,2.9399999999997863
1941,9,0.026851713201194068,2.9409999999997862
1942,8,0.025661403911945414,2.941999999999786
1943,16,0.025661403911945414,2.942999999999786
1944,14,0.026185438413179385,2.943999999999786
1945,10,0.02762574265867341,2.944999999999786
1946,8,0.03262914400048378,2.9459999999997857
1947,14,0.02013677435936014,2.9469999999997856
1948,13,0.018705737840870127,2.9479999999997855
1949,10,0.018921006824871762,2.9489999999997853
1950,8,0.02174822420823172,2.9499999999997852
1951,7,0.02376766519634598,2.950999999999785
1952,12,0.012376258025155282,2.951999999999785
1953,9,0.020177547884142857,2.952999999999785
1954,8,0.011185227841724446,2.953999999999785
1955,14,0.011695669348909088,2.9549999999997847
1956,12,0.01237625802515528,2.9559999999997846
1957,11,0.012809359910039224,2.9569999999997845
1958,16,0.017625068118095694,2.9579999999997844
1959,13,0.019935744462710406,2.9589999999997842
1960,11,0.014494221136392104,2.959999999999784
1961,9,0.022236822716351936,2.960999999999784
1962,16,0.013501912027959657,2.961999999999784
1963,14,0.008307310495173744,2.962999999999784
1964,9,-0.00387189276212506,2.9639999999997837
1965,8,-0.005307396518819684,2.9649999999997836
1966,7,0.002271312571455301,2.9659999999997835
1967,12,-0.017490373316704923,2.9669999999997834
1968,9,-0.019644627238337417,2.9679999999997833
1969,9,-0.012314571966984473,2.968999999999783
1970,8,-0.014805410624286523,2.969999999999783
1971,14,-0.018007917469389154,2.970999999999783
1972,13,-0.01997869091252924,2.971999999999783
1973,11,-0.01977241973562646,2.9729999999997827
1974,9,-0.018527821581397597,2.9739999999997826
1975,8,-0.021795316440501287,2.9749999999997825
1976,14,-0.018007917469389154,2.9759999999997824
1977,10,-0.016918950785360484,2.9769999999997823
1978,9,-0.012314571966984473,2.977999999999782
1979,8,-0.014805410624286523,2.978999999999782
1980,16,-0.017004700597405,2.979999999999782
1981,14,-0.020521391724381704,2.980999999999782
1982,10,-0.013840764998132402,2.9819999999997817
1983,8,-0.019203990570523483,2.9829999999997816
1984,14,-0.023034865979374253,2.9839999999997815
1985,13,-0.025392327769436264,2.9849999999997814
1986,10,-0.027475542656329188,2.9859999999997813
1987,9,-0.024044118490283033,2.986999999999781
1988,8,-0.023602570516760443,2.987999999999781
1989,14,-0.02806181448935935,2.988999999999781
1990,10,-0.033067467309301,2.989999999999781
1991,9,-0.03025736810469616,2.9909999999997807
1992,8,-0.028001150462997403,2.9919999999997806
1993,16,-0.028001150462997403,2.9929999999997805
1994,14,-0.026581056849372033,2.9939999999997804
1995,10,-0.027475542656329188,2.9949999999997803
1996,8,-0.03184888269703251,2.99599999999978
1997,14,-0.03519993734842445,2.99699999999978
1998,13,-0.03849317385918263,2.99799999999978
1999,10,-0.044506642572999466,2.99899999999978
2000,9,-0.0429675628421389,2.9999999999997797
2001,8,-0.04489144541259829,3.0009999999997796
2002,14,-0.05398767956751741,3.0019999999997795
2003,10,-0.05585144245904157,3.0029999999997794
2004,8,-0.06032885163420821,3.0039999999997793
2005,7,-0.06061035041756015,3.004999999999779
2006,7,-0.06061035041756015,3.005999999999779
2007,14,-0.05406548074815022,3.006999999999779
2008,9,-0.05666588910210871,3.007999999999779
2009,7,-0.047520611078740296,3.0089999999997787
2010,12,-0.05670940247376901,3.0099999999997786
2011,11,-0.05747324731335835,3.0109999999997785
2012,20,-0.04824334983576094,3.0119999999997784
2013,17,-0.04470245706287993,3.0129999999997783
2014,16,-0.04248522415184577,3.013999999999778
2015,14,-0.044615041562328914,3.014999999999778
2016,20,-0.03612961496756824,3.015999999999778
2017,18,-0.03592826043525638,3.016999999999778
2018,13,-0.035094191929333336,3.0179999999997777
2019,10,-0.03734949882459421,3.0189999999997776
2020,18,-0.036478126338795706,3.0199999999997775
2021,16,-0.0375908293463372,3.0209999999997774
2022,12,-0.03544069744728134,3.0219999999997773
2023,9,-0.03489415684070422,3.022999999999777
2024,16,-0.03580886366098428,3.023999999999777
2025,15,-0.03635768775315231,3.024999999999777
2026,10,-0.04074828049049659,3.025999999999777
2027,8,-0.03979274796112682,3.0269999999997768
2028,14,-0.03698491528705864,3.0279999999997766
2029,13,-0.03770863936464286,3.0289999999997765
2030,10,-0.034374065610268525,3.0299999999997764
2031,9,-0.0351293504249135,3.0309999999997763
2032,16,-0.030268478337562882,3.031999999999776
2033,14,-0.030653046346005613,3.032999999999776
2034,10,-0.028484882307119975,3.033999999999776
2035,10,-0.028484882307119975,3.034999999999776
2036,9,-0.02480938934819024,3.0359999999997758
2037,16,-0.02446350023190605,3.0369999999997757
2038,12,-0.02965496089964274,3.0379999999997755
2039,9,-0.030347780440035735,3.0389999999997754
2040,8,-0.03069419021023223,3.0399999999997753
2041,14,-0.024018785653826376,3.040999999999775
2042,12,-0.02342583288305348,3.041999999999775
2043,9,-0.016503885326071235,3.042999999999775
2044,7,-0.02401878565382638,3.043999999999775
2045,12,-0.02342583288305348,3.0449999999997748
2046,11,-0.029843911683386282,3.0459999999997747
2047,9,-0.02480938934819024,3.0469999999997746
2048,8,-0.024463500231906053,3.0479999999997744
2049,14,-0.03469729082512225,3.0489999999997743
2050,12,-0.03173029559734788,3.0499999999997742
2051,9,-0.03311489337030925,3.050999999999774
2052,9,-0.03311489337030925,3.051999999999774
2053,9,-0.03311489337030925,3.052999999999774
2054,16,-0.033807192256789936,3.053999999999774
2055,12,-0.03173029559734788,3.0549999999997737
2056,9,-0.03311489337030925,3.0559999999997736
2057,8,-0.033807192256789936,3.0569999999997735
2058,14,-0.03469729082512225,3.0579999999997733
2059,12,-0.035884088916231995,3.0589999999997732
2060,9,-0.03311489337030925,3.059999999999773
2061,7,-0.03469729082512225,3.060999999999773
2062,12,-0.031075156497988855,3.061999999999773
2063,11,-0.03139321597249114,3.062999999999773
2064,8,-0.02659379362942523,3.0639999999997727
2065,7,-0.026453406679562586,3.0649999999997726
2066,12,-0.026266224079745725,3.0659999999997725
2067,11,-0.026147107879862266,3.0669999999997724
2068,10,-0.020233449538110345,3.0679999999997722
2069,9,-0.01941755478918219,3.068999999999772
2070,8,-0.025611084980386705,3.069999999999772
2071,14,-0.022184109606751396,3.070999999999772
2072,10,-0.02081331945729727,3.071999999999772
2073,8,-0.02633592237937036,3.0729999999997717
2074,7,-0.026158696679499875,3.0739999999997716
2075,7,-0.026158696679499875,3.0749999999997715
2076,14,-0.026158696679499875,3.0759999999997714
2077,9,-0.02624454570144307,3.0769999999997713
2078,7,-0.026158696679499875,3.077999999999771
2079,12,-0.020057305773077964,3.078999999999771
2080,11,-0.019561285181719165,3.079999999999771
2081,20,-0.018759763472044704,3.080999999999771
2082,17,-0.014271778986993729,3.0819999999997707
2083,16,-0.009833534467594494,3.0829999999997706
2084,15,-0.008650669946869877,3.0839999999997705
2085,11,-0.00267078902563094,3.0849999999997704
2086,18,0.0028638139194430215,3.0859999999997703
2087,14,0.018534480665472104,3.08699999999977
2088,11,0.007821427159626818,3.08799999999977
2089,9,0.0028638139194430224,3.08899999999977
2090,16,0.0066688534441813685,3.08999999999977
2091,15,0.005104731224429866,3.0909999999997697
2092,11,0.011028010842643375,3.0919999999997696
2093,9,0.02491596373913057,3.0929999999997695
2094,16,0.012876031063804994,3.0939999999997694
2095,15,0.015435335286593643,3.0949999999997693
2096,12,0.025533155578498976,3.095999999999769
2097,10,0.028330812262747196,3.096999999999769
2098,9,0.020310706245320317,3.097999999999769
2099,18,0.020310706245320317,3.098999999999769
2100,13,0.017772216525950266,3.0999999999997687
2101,9,0.014772315153474817,3.1009999999997686
2102,16,0.024912179365563794,3.1019999999997685
2103,15,0.019872206895295445,3.1029999999997684
2104,28,0.02682179468103606,3.1039999999997683
2105,23,0.020340544562609527,3.104999999999768
2106,21,0.03053091233344058,3.105999999999768
2107,18,0.029983249743989988,3.106999999999768
2108,26,0.0402544790245164,3.107999999999768
2109,22,0.033066546538529765,3.1089999999997677
2110,16,0.036033041148355184,3.1099999999997676
2111,13,0.02975551971064179,3.1109999999997675
2112,11,0.027056965502053866,3.1119999999997674
2113,18,0.02775282233726749,3.1129999999997673
2114,13,0.0385412071418062,3.113999999999767
2115,9,0.010998736351680487,3.114999999999767
2116,8,-0.00019039240680808305,3.115999999999767
2117,14,0.0034271990033657306,3.116999999999767
2118,13,0.009646369857861036,3.1179999999997667
2119,10,-0.012416652935968081,3.1189999999997666
2120,8,-0.018705226644488322,3.1199999999997665
2121,7,-0.007152706275308687,3.1209999999997664
2122,12,0.004558846362985403,3.1219999999997663
2123,9,-0.00519383413940084,3.122999999999766
2124,9,-0.00792009931777666,3.123999999999766
2125,7,0.018266406371071638,3.124999999999766
2126,12,0.004558846362985405,3.125999999999766
2127,11,0.014025365962233688,3.1269999999997657
2128,10,0.022931550820793383,3.1279999999997656
